n1,n2,A1,A2
0,0,0.000,0.000
0,1,0.096,0.288
0,2,0.123,0.617
0,3,0.134,0.938
0,4,0.138,1.241
0,5,0.139,1.528
0,6,0.138,1.797
0,7,0.137,2.051
0,8,0.135,2.290
0,9,0.132,2.515
0,10,0.130,2.727
0,11,0.127,2.928
0,12,0.125,3.119
0,13,0.122,3.299
0,14,0.120,3.470
0,15,0.117,3.633
0,16,0.115,3.788
0,17,0.112,3.935
0,18,0.110,4.076
0,19,0.108,4.210
0,20,0.106,4.339
0,21,0.104,4.461
0,22,0.102,4.579
0,23,0.100,4.692
0,24,0.098,4.800
0,25,0.096,4.904
0,26,0.094,5.004
0,27,0.093,5.100
0,28,0.091,5.192
0,29,0.090,5.281
0,30,0.088,5.367
0,31,0.086,5.449
0,32,0.085,5.529
0,33,0.084,5.606
0,34,0.082,5.680
0,35,0.081,5.752
0,36,0.080,5.822
0,37,0.079,5.889
0,38,0.077,5.954
0,39,0.076,6.018
0,40,0.075,6.079
0,41,0.074,6.138
0,42,0.073,6.196
0,43,0.072,6.252
0,44,0.071,6.306
0,45,0.070,6.359
0,46,0.069,6.410
0,47,0.068,6.460
0,48,0.067,6.508
0,49,0.066,6.555
1,0,0.288,0.096
1,1,0.370,0.370
1,2,0.402,0.670
1,3,0.414,0.966
1,4,0.417,1.250
1,5,0.415,1.521
1,6,0.410,1.777
1,7,0.404,2.020
1,8,0.397,2.250
1,9,0.390,2.468
1,10,0.382,2.674
1,11,0.374,2.869
1,12,0.367,3.055
1,13,0.359,3.231
1,14,0.352,3.398
1,15,0.344,3.558
1,16,0.337,3.710
1,17,0.330,3.856
1,18,0.324,3.994
1,19,0.317,4.127
1,20,0.311,4.254
1,21,0.305,4.376
1,22,0.299,4.492
1,23,0.294,4.604
1,24,0.288,4.712
1,25,0.283,4.815
1,26,0.278,4.914
1,27,0.273,5.010
1,28,0.269,5.102
1,29,0.264,5.191
1,30,0.259,5.276
1,31,0.255,5.359
1,32,0.251,5.439
1,33,0.247,5.516
1,34,0.243,5.590
1,35,0.239,5.662
1,36,0.236,5.732
1,37,0.232,5.800
1,38,0.229,5.865
1,39,0.225,5.929
1,40,0.222,5.990
1,41,0.219,6.050
1,42,0.216,6.108
1,43,0.213,6.164
1,44,0.210,6.219
1,45,0.207,6.272
1,46,0.204,6.324
1,47,0.201,6.374
1,48,0.199,6.423
1,49,0.196,6.471
2,0,0.617,0.123
2,1,0.670,0.402
2,2,0.690,0.690
2,3,0.694,0.972
2,4,0.691,1.244
2,5,0.684,1.504
2,6,0.673,1.751
2,7,0.662,1.985
2,8,0.649,2.208
2,9,0.637,2.419
2,10,0.624,2.620
2,11,0.611,2.810
2,12,0.598,2.991
2,13,0.586,3.164
2,14,0.574,3.329
2,15,0.562,3.485
2,16,0.551,3.635
2,17,0.540,3.778
2,18,0.529,3.915
2,19,0.519,4.046
2,20,0.509,4.172
2,21,0.499,4.293
2,22,0.490,4.408
2,23,0.481,4.519
2,24,0.472,4.626
2,25,0.464,4.729
2,26,0.455,4.828
2,27,0.448,4.923
2,28,0.440,5.015
2,29,0.432,5.103
2,30,0.425,5.189
2,31,0.418,5.271
2,32,0.412,5.351
2,33,0.405,5.428
2,34,0.399,5.503
2,35,0.393,5.575
2,36,0.387,5.645
2,37,0.381,5.713
2,38,0.375,5.779
2,39,0.370,5.842
2,40,0.364,5.904
2,41,0.359,5.964
2,42,0.354,6.023
2,43,0.349,6.079
2,44,0.345,6.134
2,45,0.340,6.188
2,46,0.335,6.240
2,47,0.331,6.291
2,48,0.327,6.340
2,49,0.323,6.388
3,0,0.938,0.134
3,1,0.966,0.414
3,2,0.972,0.694
3,3,0.968,0.968
3,4,0.957,1.230
3,5,0.943,1.481
3,6,0.926,1.721
3,7,0.909,1.948
3,8,0.891,2.164
3,9,0.873,2.370
3,10,0.855,2.566
3,11,0.838,2.752
3,12,0.820,2.930
3,13,0.803,3.099
3,14,0.787,3.261
3,15,0.771,3.415
3,16,0.756,3.562
3,17,0.741,3.704
3,18,0.726,3.839
3,19,0.712,3.969
3,20,0.699,4.093
3,21,0.686,4.212
3,22,0.673,4.327
3,23,0.661,4.437
3,24,0.649,4.543
3,25,0.638,4.645
3,26,0.627,4.744
3,27,0.616,4.839
3,28,0.605,4.930
3,29,0.595,5.019
3,30,0.586,5.104
3,31,0.576,5.186
3,32,0.567,5.266
3,33,0.558,5.343
3,34,0.550,5.418
3,35,0.541,5.490
3,36,0.533,5.561
3,37,0.525,5.629
3,38,0.518,5.694
3,39,0.510,5.758
3,40,0.503,5.821
3,41,0.496,5.881
3,42,0.489,5.939
3,43,0.482,5.996
3,44,0.476,6.052
3,45,0.470,6.106
3,46,0.464,6.158
3,47,0.458,6.209
3,48,0.452,6.259
3,49,0.446,6.307
4,0,1.241,0.138
4,1,1.250,0.417
4,2,1.244,0.691
4,3,1.230,0.957
4,4,1.212,1.212
4,5,1.191,1.456
4,6,1.169,1.688
4,7,1.146,1.910
4,8,1.123,2.121
4,9,1.100,2.321
4,10,1.077,2.513
4,11,1.055,2.695
4,12,1.033,2.869
4,13,1.012,3.036
4,14,0.991,3.195
4,15,0.972,3.347
4,16,0.952,3.492
4,17,0.934,3.631
4,18,0.916,3.765
4,19,0.898,3.893
4,20,0.882,4.016
4,21,0.865,4.135
4,22,0.850,4.248
4,23,0.834,4.358
4,24,0.820,4.463
4,25,0.806,4.565
4,26,0.792,4.663
4,27,0.778,4.757
4,28,0.766,4.848
4,29,0.753,4.937
4,30,0.741,5.022
4,31,0.729,5.104
4,32,0.718,5.184
4,33,0.707,5.261
4,34,0.696,5.336
4,35,0.686,5.408
4,36,0.675,5.478
4,37,0.666,5.547
4,38,0.656,5.613
4,39,0.647,5.677
4,40,0.638,5.739
4,41,0.629,5.800
4,42,0.620,5.859
4,43,0.612,5.916
4,44,0.604,5.971
4,45,0.596,6.026
4,46,0.588,6.078
4,47,0.581,6.130
4,48,0.573,6.180
4,49,0.566,6.229
5,0,1.528,0.139
5,1,1.521,0.415
5,2,1.504,0.684
5,3,1.481,0.943
5,4,1.456,1.191
5,5,1.429,1.429
5,6,1.400,1.655
5,7,1.372,1.871
5,8,1.344,2.077
5,9,1.316,2.274
5,10,1.289,2.461
5,11,1.263,2.640
5,12,1.237,2.811
5,13,1.212,2.974
5,14,1.188,3.131
5,15,1.164,3.280
5,16,1.141,3.424
5,17,1.119,3.562
5,18,1.098,3.694
5,19,1.078,3.820
5,20,1.058,3.942
5,21,1.038,4.060
5,22,1.020,4.172
5,23,1.002,4.281
5,24,0.985,4.386
5,25,0.968,4.487
5,26,0.951,4.584
5,27,0.936,4.678
5,28,0.920,4.769
5,29,0.906,4.857
5,30,0.891,4.942
5,31,0.877,5.024
5,32,0.864,5.104
5,33,0.851,5.181
5,34,0.838,5.256
5,35,0.826,5.328
5,36,0.813,5.399
5,37,0.802,5.467
5,38,0.790,5.533
5,39,0.779,5.597
5,40,0.769,5.660
5,41,0.758,5.721
5,42,0.748,5.780
5,43,0.738,5.837
5,44,0.728,5.893
5,45,0.719,5.948
5,46,0.710,6.001
5,47,0.701,6.052
5,48,0.692,6.103
5,49,0.684,6.152
6,0,1.797,0.138
6,1,1.777,0.410
6,2,1.751,0.673
6,3,1.721,0.926
6,4,1.688,1.169
6,5,1.655,1.400
6,6,1.622,1.622
6,7,1.588,1.833
6,8,1.556,2.034
6,9,1.523,2.227
6,10,1.492,2.410
6,11,1.462,2.586
6,12,1.432,2.754
6,13,1.403,2.915
6,14,1.376,3.069
6,15,1.349,3.216
6,16,1.323,3.358
6,17,1.298,3.494
6,18,1.273,3.624
6,19,1.250,3.750
6,20,1.227,3.871
6,21,1.205,3.987
6,22,1.184,4.099
6,23,1.164,4.207
6,24,1.144,4.311
6,25,1.124,4.411
6,26,1.106,4.508
6,27,1.088,4.602
6,28,1.070,4.692
6,29,1.053,4.780
6,30,1.037,4.865
6,31,1.021,4.947
6,32,1.005,5.026
6,33,0.990,5.104
6,34,0.976,5.178
6,35,0.961,5.251
6,36,0.948,5.321
6,37,0.934,5.389
6,38,0.921,5.456
6,39,0.908,5.520
6,40,0.896,5.583
6,41,0.884,5.644
6,42,0.872,5.703
6,43,0.861,5.761
6,44,0.850,5.817
6,45,0.839,5.872
6,46,0.828,5.925
6,47,0.818,5.977
6,48,0.808,6.028
6,49,0.798,6.077
7,0,2.051,0.137
7,1,2.020,0.404
7,2,1.985,0.662
7,3,1.948,0.909
7,4,1.910,1.146
7,5,1.871,1.372
7,6,1.833,1.588
7,7,1.795,1.795
7,8,1.758,1.992
7,9,1.722,2.181
7,10,1.687,2.361
7,11,1.652,2.534
7,12,1.619,2.699
7,13,1.587,2.857
7,14,1.556,3.009
7,15,1.526,3.154
7,16,1.497,3.294
7,17,1.469,3.429
7,18,1.442,3.558
7,19,1.416,3.682
7,20,1.391,3.802
7,21,1.366,3.917
7,22,1.343,4.028
7,23,1.320,4.135
7,24,1.297,4.238
7,25,1.276,4.338
7,26,1.255,4.435
7,27,1.235,4.528
7,28,1.215,4.618
7,29,1.196,4.705
7,30,1.178,4.790
7,31,1.160,4.872
7,32,1.143,4.951
7,33,1.126,5.028
7,34,1.109,5.103
7,35,1.093,5.175
7,36,1.078,5.246
7,37,1.063,5.314
7,38,1.048,5.380
7,39,1.034,5.445
7,40,1.020,5.508
7,41,1.006,5.569
7,42,0.993,5.628
7,43,0.980,5.686
7,44,0.968,5.743
7,45,0.956,5.798
7,46,0.944,5.851
7,47,0.932,5.903
7,48,0.921,5.954
7,49,0.910,6.004
8,0,2.290,0.135
8,1,2.250,0.397
8,2,2.208,0.649
8,3,2.164,0.891
8,4,2.121,1.123
8,5,2.077,1.344
8,6,2.034,1.556
8,7,1.992,1.758
8,8,1.951,1.951
8,9,1.911,2.136
8,10,1.873,2.313
8,11,1.835,2.483
8,12,1.799,2.646
8,13,1.764,2.801
8,14,1.730,2.951
8,15,1.697,3.095
8,16,1.665,3.233
8,17,1.635,3.365
8,18,1.605,3.493
8,19,1.576,3.616
8,20,1.548,3.735
8,21,1.522,3.849
8,22,1.496,3.959
8,23,1.470,4.065
8,24,1.446,4.168
8,25,1.422,4.267
8,26,1.400,4.363
8,27,1.377,4.456
8,28,1.356,4.546
8,29,1.335,4.633
8,30,1.315,4.717
8,31,1.295,4.799
8,32,1.276,4.878
8,33,1.257,4.955
8,34,1.239,5.030
8,35,1.222,5.102
8,36,1.205,5.172
8,37,1.188,5.241
8,38,1.172,5.307
8,39,1.156,5.372
8,40,1.141,5.435
8,41,1.126,5.496
8,42,1.111,5.556
8,43,1.097,5.614
8,44,1.083,5.670
8,45,1.070,5.725
8,46,1.056,5.779
8,47,1.044,5.831
8,48,1.031,5.883
8,49,1.019,5.933
9,0,2.515,0.132
9,1,2.468,0.390
9,2,2.419,0.637
9,3,2.370,0.873
9,4,2.321,1.100
9,5,2.274,1.316
9,6,2.227,1.523
9,7,2.181,1.722
9,8,2.136,1.911
9,9,2.093,2.093
9,10,2.051,2.267
9,11,2.011,2.434
9,12,1.971,2.594
9,13,1.933,2.747
9,14,1.897,2.895
9,15,1.861,3.037
9,16,1.827,3.173
9,17,1.794,3.304
9,18,1.762,3.431
9,19,1.731,3.552
9,20,1.701,3.670
9,21,1.672,3.783
9,22,1.643,3.892
9,23,1.616,3.998
9,24,1.590,4.100
9,25,1.564,4.199
9,26,1.539,4.294
9,27,1.515,4.386
9,28,1.492,4.476
9,29,1.469,4.562
9,30,1.447,4.646
9,31,1.426,4.728
9,32,1.405,4.807
9,33,1.385,4.884
9,34,1.365,4.958
9,35,1.346,5.031
9,36,1.328,5.101
9,37,1.310,5.169
9,38,1.292,5.236
9,39,1.275,5.301
9,40,1.258,5.364
9,41,1.242,5.425
9,42,1.226,5.485
9,43,1.210,5.543
9,44,1.195,5.599
9,45,1.181,5.655
9,46,1.166,5.709
9,47,1.152,5.761
9,48,1.139,5.813
9,49,1.125,5.863
10,0,2.727,0.130
10,1,2.674,0.382
10,2,2.620,0.624
10,3,2.566,0.855
10,4,2.513,1.077
10,5,2.461,1.289
10,6,2.410,1.492
10,7,2.361,1.687
10,8,2.313,1.873
10,9,2.267,2.051
10,10,2.223,2.223
10,11,2.180,2.389
10,12,2.139,2.548
10,13,2.099,2.702
10,14,2.061,2.851
10,15,2.025,2.995
10,16,1.990,3.134
10,17,1.957,3.269
10,18,1.926,3.400
10,19,1.896,3.527
10,20,1.867,3.650
10,21,1.839,3.770
10,22,1.813,3.886
10,23,1.787,4.000
10,24,1.762,4.110
10,25,1.739,4.218
10,26,1.717,4.322
10,27,1.695,4.424
10,28,1.675,4.523
10,29,1.655,4.619
10,30,1.636,4.713
10,31,1.618,4.804
10,32,1.600,4.893
10,33,1.583,4.979
10,34,1.567,5.063
10,35,1.551,5.145
10,36,1.535,5.225
10,37,1.521,5.303
10,38,1.507,5.379
10,39,1.493,5.453
10,40,1.480,5.526
10,41,1.467,5.596
10,42,1.455,5.665
10,43,1.443,5.732
10,44,1.432,5.798
10,45,1.421,5.862
10,46,1.410,5.924
10,47,1.400,5.985
10,48,1.391,6.045
10,49,1.381,6.103
11,0,2.869,0.127
11,1,2.810,0.374
11,2,2.752,0.611
11,3,2.695,0.838
11,4,2.640,1.063
11,5,2.586,1.286
11,6,2.534,1.505
11,7,2.483,1.722
11,8,2.434,1.935
11,9,2.386,2.146
11,10,2.340,2.353
11,11,2.295,2.558
11,12,2.251,2.759
11,13,2.209,2.957
11,14,2.168,3.152
11,15,2.129,3.345
11,16,2.090,3.534
11,17,2.053,3.720
11,18,2.017,3.902
11,19,1.982,4.082
11,20,1.948,4.259
11,21,1.915,4.433
11,22,1.883,4.603
11,23,1.852,4.771
11,24,1.822,4.936
11,25,1.793,5.099
11,26,1.765,5.258
11,27,1.738,5.415
11,28,1.712,5.569
11,29,1.686,5.720
11,30,1.661,5.869
11,31,1.637,6.014
11,32,1.614,6.157
11,33,1.591,6.297
11,34,1.569,6.435
11,35,1.548,6.569
11,36,1.527,6.701
11,37,1.507,6.830
11,38,1.488,6.956
11,39,1.469,7.080
11,40,1.451,7.201
11,41,1.433,7.319
11,42,1.416,7.435
11,43,1.399,7.548
11,44,1.383,7.659
11,45,1.367,7.767
11,46,1.351,7.873
11,47,1.336,7.976
11,48,1.321,8.077
11,49,1.307,8.175
12,0,2.991,0.125
12,1,2.930,0.367
12,2,2.869,0.598
12,3,2.810,0.820
12,4,2.754,1.043
12,5,2.699,1.268
12,6,2.646,1.485
12,7,2.594,1.704
12,8,2.546,1.918
12,9,2.498,2.129
12,10,2.452,2.336
12,11,2.408,2.539
12,12,2.365,2.739
12,13,2.323,2.936
12,14,2.283,3.129
12,15,2.244,3.319
12,16,2.206,3.506
12,17,2.169,3.690
12,18,2.133,3.871
12,19,2.098,4.049
12,20,2.064,4.225
12,21,2.031,4.398
12,22,1.999,4.568
12,23,1.968,4.736
12,24,1.938,4.901
12,25,1.909,5.064
12,26,1.881,5.224
12,27,1.853,5.382
12,28,1.826,5.537
12,29,1.800,5.690
12,30,1.774,5.840
12,31,1.749,5.988
12,32,1.724,6.134
12,33,1.700,6.277
12,34,1.677,6.418
12,35,1.654,6.557
12,36,1.632,6.694
12,37,1.611,6.828
12,38,1.590,6.960
12,39,1.570,7.090
12,40,1.551,7.218
12,41,1.532,7.344
12,42,1.514,7.467
12,43,1.496,7.588
12,44,1.478,7.708
12,45,1.461,7.825
12,46,1.445,7.940
12,47,1.428,8.053
12,48,1.413,8.163
12,49,1.397,8.272
13,0,3.164,0.122
13,1,3.099,0.359
13,2,3.036,0.586
13,3,2.974,0.803
13,4,2.915,1.012
13,5,2.857,1.209
13,6,2.801,1.397
13,7,2.747,1.576
13,8,2.695,1.748
13,9,2.646,1.912
13,10,2.598,2.071
13,11,2.552,2.225
13,12,2.507,2.375
13,13,2.464,2.521
13,14,2.423,2.664
13,15,2.383,2.803
13,16,2.344,2.939
13,17,2.306,3.072
13,18,2.270,3.202
13,19,2.234,3.329
13,20,2.200,3.453
13,21,2.166,3.575
13,22,2.134,3.694
13,23,2.103,3.811
13,24,2.073,3.925
13,25,2.044,4.037
13,26,2.015,4.147
13,27,1.988,4.254
13,28,1.961,4.360
13,29,1.935,4.463
13,30,1.910,4.565
13,31,1.885,4.665
13,32,1.861,4.763
13,33,1.838,4.859
13,34,1.816,4.954
13,35,1.794,5.047
13,36,1.773,5.139
13,37,1.752,5.229
13,38,1.732,5.318
13,39,1.713,5.405
13,40,1.694,5.491
13,41,1.676,5.575
13,42,1.658,5.658
13,43,1.640,5.739
13,44,1.623,5.819
13,45,1.607,5.898
13,46,1.590,5.975
13,47,1.575,6.051
13,48,1.559,6.126
13,49,1.544,6.199
14,0,3.329,0.120
14,1,3.261,0.352
14,2,3.195,0.574
14,3,3.130,0.787
14,4,3.069,0.991
14,5,3.009,1.186
14,6,2.951,1.373
14,7,2.895,1.552
14,8,2.842,1.723
14,9,2.791,1.887
14,10,2.742,2.045
14,11,2.695,2.197
14,12,2.649,2.344
14,13,2.606,2.486
14,14,2.565,2.624
14,15,2.525,2.758
14,16,2.486,2.889
14,17,2.449,3.016
14,18,2.413,3.139
14,19,2.378,3.260
14,20,2.345,3.377
14,21,2.312,3.492
14,22,2.280,3.604
14,23,2.250,3.714
14,24,2.220,3.821
14,25,2.191,3.926
14,26,2.163,4.028
14,27,2.136,4.129
14,28,2.109,4.227
14,29,2.084,4.324
14,30,2.059,4.419
14,31,2.035,4.512
14,32,2.012,4.603
14,33,1.989,4.693
14,34,1.967,4.781
14,35,1.946,4.868
14,36,1.926,4.953
14,37,1.906,5.037
14,38,1.887,5.119
14,39,1.868,5.200
14,40,1.850,5.280
14,41,1.832,5.359
14,42,1.815,5.436
14,43,1.798,5.512
14,44,1.781,5.587
14,45,1.766,5.661
14,46,1.750,5.733
14,47,1.735,5.805
14,48,1.720,5.875
14,49,1.706,5.944
15,0,3.633,0.117
15,1,3.558,0.344
15,2,3.485,0.562
15,3,3.415,0.771
15,4,3.347,0.972
15,5,3.280,1.164
15,6,3.216,1.349
15,7,3.154,1.526
15,8,3.094,1.697
15,9,3.037,1.861
15,10,2.982,2.019
15,11,2.928,2.172
15,12,2.877,2.319
15,13,2.828,2.462
15,14,2.780,2.600
15,15,2.735,2.735
15,16,2.691,2.866
15,17,2.649,2.993
15,18,2.608,3.117
15,19,2.569,3.238
15,20,2.531,3.355
15,21,2.495,3.470
15,22,2.460,3.582
15,23,2.426,3.692
15,24,2.394,3.799
15,25,2.363,3.903
15,26,2.333,4.005
15,27,2.304,4.104
15,28,2.276,4.201
15,29,2.249,4.297
15,30,2.223,4.390
15,31,2.198,4.481
15,32,2.174,4.571
15,33,2.151,4.658
15,34,2.129,4.744
15,35,2.108,4.828
15,36,2.087,4.910
15,37,2.068,4.991
15,38,2.049,5.071
15,39,2.030,5.149
15,40,2.013,5.226
15,41,1.996,5.301
15,42,1.979,5.375
15,43,1.963,5.447
15,44,1.948,5.518
15,45,1.933,5.588
15,46,1.918,5.656
15,47,1.904,5.723
15,48,1.890,5.789
15,49,1.877,5.854
16,0,3.788,0.115
16,1,3.710,0.337
16,2,3.635,0.551
16,3,3.562,0.756
16,4,3.492,0.952
16,5,3.424,1.141
16,6,3.358,1.323
16,7,3.294,1.497
16,8,3.233,1.665
16,9,3.174,1.827
16,10,3.117,1.983
16,11,3.062,2.134
16,12,3.009,2.279
16,13,2.958,2.419
16,14,2.909,2.556
16,15,2.862,2.688
16,16,2.816,2.816
16,17,2.772,2.941
16,18,2.729,3.062
16,19,2.688,3.180
16,20,2.649,3.295
16,21,2.611,3.406
16,22,2.574,3.516
16,23,2.538,3.622
16,24,2.504,3.726
16,25,2.471,3.827
16,26,2.439,3.926
16,27,2.408,4.023
16,28,2.378,4.117
16,29,2.349,4.210
16,30,2.322,4.300
16,31,2.295,4.389
16,32,2.269,4.476
16,33,2.244,4.562
16,34,2.219,4.646
16,35,2.196,4.728
16,36,2.173,4.809
16,37,2.151,4.888
16,38,2.130,4.966
16,39,2.110,5.043
16,40,2.090,5.118
16,41,2.072,5.193
16,42,2.053,5.266
16,43,2.036,5.338
16,44,2.019,5.409
16,45,2.002,5.479
16,46,1.986,5.547
16,47,1.970,5.615
16,48,1.955,5.682
16,49,1.940,5.747
17,0,3.935,0.112
17,1,3.856,0.330
17,2,3.778,0.541
17,3,3.704,0.741
17,4,3.631,0.934
17,5,3.562,1.119
17,6,3.494,1.298
17,7,3.429,1.469
17,8,3.365,1.635
17,9,3.304,1.794
17,10,3.244,1.948
17,11,3.187,2.097
17,12,3.132,2.240
17,13,3.078,2.379
17,14,3.026,2.514
17,15,2.976,2.645
17,16,2.927,2.772
17,17,2.880,2.896
17,18,2.835,3.017
17,19,2.791,3.135
17,20,2.748,3.250
17,21,2.706,3.362
17,22,2.666,3.472
17,23,2.627,3.579
17,24,2.589,3.684
17,25,2.552,3.786
17,26,2.516,3.887
17,27,2.481,3.985
17,28,2.447,4.081
17,29,2.414,4.175
17,30,2.382,4.267
17,31,2.351,4.357
17,32,2.321,4.445
17,33,2.292,4.532
17,34,2.264,4.617
17,35,2.236,4.700
17,36,2.209,4.782
17,37,2.183,4.862
17,38,2.157,4.941
17,39,2.133,5.019
17,40,2.109,5.096
17,41,2.085,5.171
17,42,2.063,5.245
17,43,2.041,5.318
17,44,2.019,5.389
17,45,1.998,5.460
17,46,1.978,5.529
17,47,1.958,5.598
17,48,1.939,5.666
17,49,1.920,5.732
18,0,4.076,0.110
18,1,3.994,0.324
18,2,3.915,0.529
18,3,3.839,0.726
18,4,3.765,0.916
18,5,3.694,1.098
18,6,3.624,1.273
18,7,3.558,1.442
18,8,3.493,1.605
18,9,3.431,1.762
18,10,3.371,1.913
18,11,3.314,2.059
18,12,3.258,2.200
18,13,3.204,2.336
18,14,3.152,2.468
18,15,3.102,2.596
18,16,3.053,2.720
18,17,3.006,2.840
18,18,2.960,2.958
18,19,2.916,3.072
18,20,2.873,3.183
18,21,2.831,3.292
18,22,2.791,3.398
18,23,2.752,3.502
18,24,2.714,3.603
18,25,2.677,3.702
18,26,2.641,3.798
18,27,2.607,3.892
18,28,2.573,3.984
18,29,2.540,4.073
18,30,2.508,4.161
18,31,2.477,4.246
18,32,2.447,4.329
18,33,2.418,4.411
18,34,2.389,4.491
18,35,2.362,4.570
18,36,2.335,4.647
18,37,2.309,4.723
18,38,2.283,4.797
18,39,2.258,4.870
18,40,2.234,4.942
18,41,2.211,5.012
18,42,2.188,5.081
18,43,2.166,5.149
18,44,2.145,5.216
18,45,2.124,5.281
18,46,2.104,5.345
18,47,2.085,5.408
18,48,2.066,5.470
18,49,2.048,5.531
19,0,4.210,0.108
19,1,4.127,0.317
19,2,4.046,0.519
19,3,3.969,0.712
19,4,3.893,0.898
19,5,3.820,1.077
19,6,3.750,1.250
19,7,3.682,1.416
19,8,3.617,1.577
19,9,3.552,1.731
19,10,3.490,1.881
19,11,3.430,2.025
19,12,3.373,2.165
19,13,3.317,2.300
19,14,3.263,2.431
19,15,3.211,2.558
19,16,3.161,2.681
19,17,3.113,2.800
19,18,3.067,2.916
19,19,3.022,3.028
19,20,2.978,3.137
19,21,2.936,3.243
19,22,2.895,3.347
19,23,2.856,3.447
19,24,2.818,3.545
19,25,2.781,3.640
19,26,2.745,3.732
19,27,2.710,3.823
19,28,2.676,3.911
19,29,2.643,3.996
19,30,2.611,4.079
19,31,2.580,4.160
19,32,2.550,4.239
19,33,2.521,4.316
19,34,2.493,4.391
19,35,2.465,4.465
19,36,2.438,4.536
19,37,2.412,4.606
19,38,2.386,4.675
19,39,2.361,4.742
19,40,2.337,4.807
19,41,2.314,4.871
19,42,2.291,4.934
19,43,2.269,4.995
19,44,2.247,5.055
19,45,2.227,5.114
19,46,2.207,5.171
19,47,2.187,5.227
19,48,2.168,5.282
19,49,2.150,5.336
20,0,4.339,0.106
20,1,4.254,0.311
20,2,4.172,0.509
20,3,4.093,0.699
20,4,4.016,0.882
20,5,3.942,1.058
20,6,3.871,1.227
20,7,3.802,1.391
20,8,3.735,1.548
20,9,3.670,1.701
20,10,3.607,1.848
20,11,3.547,1.989
20,12,3.488,2.127
20,13,3.432,2.260
20,14,3.377,2.388
20,15,3.324,2.513
20,16,3.273,2.634
20,17,3.224,2.752
20,18,3.176,2.866
20,19,3.130,2.978
20,20,3.085,3.085
20,21,3.042,3.190
20,22,2.999,3.292
20,23,2.959,3.391
20,24,2.919,3.488
20,25,2.881,3.582
20,26,2.844,3.674
20,27,2.808,3.763
20,28,2.773,3.851
20,29,2.739,3.936
20,30,2.706,4.019
20,31,2.674,4.100
20,32,2.643,4.179
20,33,2.613,4.256
20,34,2.584,4.331
20,35,2.555,4.404
20,36,2.528,4.476
20,37,2.501,4.546
20,38,2.475,4.615
20,39,2.449,4.682
20,40,2.424,4.748
20,41,2.400,4.812
20,42,2.377,4.875
20,43,2.354,4.937
20,44,2.332,4.997
20,45,2.311,5.056
20,46,2.290,5.114
20,47,2.270,5.171
20,48,2.251,5.227
20,49,2.232,5.282
21,0,4.461,0.104
21,1,4.376,0.305
21,2,4.293,0.499
21,3,4.212,0.686
21,4,4.134,0.865
21,5,4.060,1.038
21,6,3.987,1.205
21,7,3.917,1.366
21,8,3.849,1.522
21,9,3.783,1.672
21,10,3.720,1.817
21,11,3.659,1.958
21,12,3.601,2.094
21,13,3.544,2.225
21,14,3.490,2.353
21,15,3.437,2.477
21,16,3.387,2.597
21,17,3.338,2.714
21,18,3.291,2.828
21,19,3.246,2.939
21,20,3.202,3.047
21,21,3.160,3.152
21,22,3.119,3.255
21,23,3.079,3.355
21,24,3.041,3.452
21,25,3.004,3.547
21,26,2.968,3.639
21,27,2.933,3.729
21,28,2.899,3.817
21,29,2.866,3.902
21,30,2.835,3.985
21,31,2.804,4.066
21,32,2.775,4.145
21,33,2.746,4.222
21,34,2.718,4.297
21,35,2.691,4.370
21,36,2.664,4.441
21,37,2.639,4.511
21,38,2.614,4.579
21,39,2.590,4.645
21,40,2.566,4.710
21,41,2.543,4.773
21,42,2.521,4.835
21,43,2.499,4.895
21,44,2.478,4.953
21,45,2.457,5.010
21,46,2.437,5.065
21,47,2.418,5.119
21,48,2.399,5.172
21,49,2.381,5.223
22,0,4.579,0.102
22,1,4.492,0.299
22,2,4.408,0.490
22,3,4.327,0.673
22,4,4.249,0.849
22,5,4.172,1.020
22,6,4.099,1.184
22,7,4.028,1.343
22,8,3.959,1.496
22,9,3.892,1.643
22,10,3.827,1.785
22,11,3.765,1.922
22,12,3.705,2.055
22,13,3.647,2.183
22,14,3.591,2.308
22,15,3.537,2.429
22,16,3.485,2.547
22,17,3.434,2.661
22,18,3.386,2.772
22,19,3.339,2.880
22,20,3.293,2.985
22,21,3.249,3.087
22,22,3.206,3.187
22,23,3.165,3.284
22,24,3.125,3.378
22,25,3.086,3.470
22,26,3.049,3.559
22,27,3.012,3.647
22,28,2.977,3.732
22,29,2.942,3.816
22,30,2.909,3.897
22,31,2.876,3.976
22,32,2.844,4.054
22,33,2.814,4.129
22,34,2.784,4.202
22,35,2.755,4.274
22,36,2.727,4.343
22,37,2.700,4.411
22,38,2.673,4.478
22,39,2.647,4.543
22,40,2.622,4.606
22,41,2.597,4.668
22,42,2.574,4.729
22,43,2.550,4.788
22,44,2.528,4.846
22,45,2.506,4.902
22,46,2.484,4.957
22,47,2.464,5.011
22,48,2.444,5.064
22,49,2.424,5.115
23,0,4.692,0.100
23,1,4.604,0.294
23,2,4.519,0.481
23,3,4.437,0.661
23,4,4.357,0.834
23,5,4.281,1.002
23,6,4.207,1.164
23,7,4.135,1.320
23,8,4.065,1.470
23,9,3.998,1.616
23,10,3.933,1.756
23,11,3.870,1.892
23,12,3.810,2.023
23,13,3.751,2.150
23,14,3.695,2.273
23,15,3.640,2.392
23,16,3.587,2.507
23,17,3.536,2.619
23,18,3.487,2.727
23,19,3.439,2.833
23,20,3.393,2.935
23,21,3.348,3.035
23,22,3.305,3.132
23,23,3.263,3.227
23,24,3.223,3.319
23,25,3.183,3.409
23,26,3.145,3.497
23,27,3.108,3.583
23,28,3.072,3.667
23,29,3.036,3.749
23,30,3.002,3.829
23,31,2.969,3.907
23,32,2.937,3.983
23,33,2.905,4.057
23,34,2.875,4.129
23,35,2.846,4.200
23,36,2.817,4.269
23,37,2.789,4.337
23,38,2.762,4.403
23,39,2.736,4.468
23,40,2.710,4.532
23,41,2.685,4.594
23,42,2.661,4.655
23,43,2.637,4.714
23,44,2.614,4.772
23,45,2.592,4.829
23,46,2.570,4.885
23,47,2.549,4.939
23,48,2.529,4.992
23,49,2.509,5.044
24,0,4.800,0.098
24,1,4.712,0.288
24,2,4.626,0.472
24,3,4.543,0.649
24,4,4.463,0.820
24,5,4.386,0.985
24,6,4.311,1.144
24,7,4.238,1.297
24,8,4.168,1.446
24,9,4.100,1.590
24,10,4.034,1.729
24,11,3.971,1.864
24,12,3.909,1.994
24,13,3.850,2.121
24,14,3.793,2.244
24,15,3.738,2.362
24,16,3.684,2.478
24,17,3.632,2.591
24,18,3.581,2.700
24,19,3.532,2.807
24,20,3.484,2.910
24,21,3.438,3.011
24,22,3.393,3.108
24,23,3.349,3.204
24,24,3.307,3.307
24,25,3.266,3.398
24,26,3.226,3.486
24,27,3.187,3.573
24,28,3.149,3.657
24,29,3.112,3.739
24,30,3.076,3.819
24,31,3.040,3.897
24,32,3.006,3.973
24,33,2.973,4.047
24,34,2.940,4.119
24,35,2.909,4.190
24,36,2.878,4.258
24,37,2.849,4.325
24,38,2.820,4.391
24,39,2.792,4.455
24,40,2.765,4.518
24,41,2.738,4.579
24,42,2.712,4.639
24,43,2.686,4.697
24,44,2.662,4.754
24,45,2.637,4.810
24,46,2.614,4.864
24,47,2.591,4.917
24,48,2.569,4.969
24,49,2.547,5.019
25,0,4.904,0.096
25,1,4.815,0.283
25,2,4.729,0.464
25,3,4.645,0.638
25,4,4.565,0.806
25,5,4.487,0.968
25,6,4.411,1.124
25,7,4.338,1.276
25,8,4.267,1.422
25,9,4.199,1.564
25,10,4.133,1.701
25,11,4.069,1.833
25,12,4.008,1.962
25,13,3.949,2.086
25,14,3.892,2.207
25,15,3.838,2.324
25,16,3.785,2.438
25,17,3.735,2.549
25,18,3.686,2.657
25,19,3.639,2.762
25,20,3.594,2.864
25,21,3.550,2.964
25,22,3.507,3.061
25,23,3.466,3.156
25,24,3.427,3.248
25,25,3.389,3.339
25,26,3.352,3.427
25,27,3.317,3.513
25,28,3.282,3.597
25,29,3.249,3.679
25,30,3.217,3.759
25,31,3.185,3.837
25,32,3.155,3.914
25,33,3.126,3.989
25,34,3.098,4.062
25,35,3.071,4.133
25,36,3.045,4.203
25,37,3.019,4.271
25,38,2.995,4.338
25,39,2.971,4.403
25,40,2.948,4.467
25,41,2.926,4.529
25,42,2.904,4.590
25,43,2.883,4.650
25,44,2.863,4.708
25,45,2.843,4.765
25,46,2.824,4.821
25,47,2.806,4.876
25,48,2.788,4.929
25,49,2.771,4.981
26,0,5.004,0.094
26,1,4.914,0.278
26,2,4.828,0.455
26,3,4.744,0.626
26,4,4.663,0.792
26,5,4.584,0.951
26,6,4.508,1.106
26,7,4.435,1.255
26,8,4.363,1.400
26,9,4.294,1.539
26,10,4.228,1.675
26,11,4.164,1.806
26,12,4.102,1.934
26,13,4.042,2.057
26,14,3.984,2.177
26,15,3.928,2.293
26,16,3.874,2.406
26,17,3.822,2.515
26,18,3.771,2.622
26,19,3.723,2.725
26,20,3.676,2.825
26,21,3.630,2.923
26,22,3.586,3.018
26,23,3.544,3.111
26,24,3.503,3.201
26,25,3.463,3.289
26,26,3.425,3.375
26,27,3.388,3.459
26,28,3.352,3.541
26,29,3.317,3.621
26,30,3.283,3.699
26,31,3.251,3.775
26,32,3.219,3.850
26,33,3.189,3.923
26,34,3.160,3.994
26,35,3.132,4.063
26,36,3.104,4.131
26,37,3.078,4.198
26,38,3.052,4.263
26,39,3.027,4.327
26,40,3.003,4.389
26,41,2.980,4.450
26,42,2.957,4.510
26,43,2.935,4.568
26,44,2.914,4.625
26,45,2.893,4.681
26,46,2.873,4.736
26,47,2.854,4.789
26,48,2.835,4.841
26,49,2.817,4.892
27,0,5.100,0.093
27,1,5.010,0.273
27,2,4.923,0.448
27,3,4.839,0.617
27,4,4.757,0.782
27,5,4.678,0.941
27,6,4.602,1.096
27,7,4.528,1.246
27,8,4.456,1.391
27,9,4.386,1.532
27,10,4.319,1.669
27,11,4.254,1.801
27,12,4.191,1.930
27,13,4.130,2.055
27,14,4.071,2.176
27,15,4.014,2.294
27,16,3.959,2.408
27,17,3.905,2.519
27,18,3.854,2.627
27,19,3.804,2.732
27,20,3.756,2.834
27,21,3.710,2.933
27,22,3.665,3.029
27,23,3.621,3.123
27,24,3.579,3.214
27,25,3.538,3.303
27,26,3.499,3.389
27,27,3.461,3.473
27,28,3.424,3.555
27,29,3.389,3.635
27,30,3.355,3.713
27,31,3.321,3.789
27,32,3.289,3.863
27,33,3.259,3.935
27,34,3.229,4.006
27,35,3.200,4.074
27,36,3.172,4.141
27,37,3.145,4.206
27,38,3.119,4.270
27,39,3.094,4.332
27,40,3.070,4.392
27,41,3.046,4.451
27,42,3.024,4.509
27,43,3.002,4.565
27,44,2.981,4.620
27,45,2.961,4.674
27,46,2.942,4.727
27,47,2.923,4.778
27,48,2.905,4.829
27,49,2.887,4.878
28,0,5.192,0.091
28,1,5.100,0.269
28,2,5.015,0.440
28,3,4.923,0.606
28,4,4.839,0.767
28,5,4.757,0.923
28,6,4.679,1.074
28,7,4.602,1.221
28,8,4.528,1.363
28,9,4.456,1.502
28,10,4.386,1.636
28,11,4.319,1.767
28,12,4.254,1.894
28,13,4.191,2.017
28,14,4.131,2.137
28,15,4.072,2.254
28,16,4.015,2.367
28,17,3.960,2.478
28,18,3.907,2.585
28,19,3.855,2.690
28,20,3.805,2.792
28,21,3.757,2.891
28,22,3.710,2.988
28,23,3.665,3.082
28,24,3.621,3.173
28,25,3.579,3.262
28,26,3.538,3.348
28,27,3.499,3.433
28,28,3.460,3.515
28,29,3.423,3.595
28,30,3.387,3.673
28,31,3.353,3.749
28,32,3.319,3.823
28,33,3.287,3.895
28,34,3.256,3.966
28,35,3.226,4.034
28,36,3.197,4.101
28,37,3.169,4.167
28,38,3.142,4.231
28,39,3.116,4.293
28,40,3.091,4.354
28,41,3.067,4.413
28,42,3.043,4.471
28,43,3.020,4.528
28,44,2.998,4.583
28,45,2.976,4.637
28,46,2.955,4.690
28,47,2.935,4.741
28,48,2.915,4.791
28,49,2.896,4.840
29,0,5.281,0.090
29,1,5.189,0.264
29,2,5.100,0.432
29,3,5.015,0.594
29,4,4.923,0.752
29,5,4.839,0.906
29,6,4.757,1.055
29,7,4.678,1.200
29,8,4.602,1.341
29,9,4.528,1.478
29,10,4.456,1.611
29,11,4.386,1.741
29,12,4.319,1.867
29,13,4.254,1.990
29,14,4.191,2.109
29,15,4.130,2.225
29,16,4.071,2.338
29,17,4.014,2.448
29,18,3.959,2.556
29,19,3.905,2.660
29,20,3.853,2.763
29,21,3.804,2.862
29,22,3.756,2.959
29,23,3.710,3.053
29,24,3.665,3.145
29,25,3.622,3.234
29,26,3.580,3.321
29,27,3.540,3.406
29,28,3.501,3.489
29,29,3.463,3.570
29,30,3.426,3.649
29,31,3.391,3.726
29,32,3.356,3.801
29,33,3.323,3.874
29,34,3.290,3.946
29,35,3.259,4.015
29,36,3.228,4.083
29,37,3.199,4.149
29,38,3.170,4.213
29,39,3.142,4.276
29,40,3.115,4.337
29,41,3.089,4.397
29,42,3.063,4.455
29,43,3.038,4.512
29,44,3.014,4.568
29,45,2.991,4.622
29,46,2.968,4.675
29,47,2.946,4.726
29,48,2.925,4.776
29,49,2.904,4.825
30,0,5.367,0.088
30,1,5.276,0.259
30,2,5.191,0.425
30,3,5.104,0.586
30,4,5.022,0.741
30,5,4.942,0.891
30,6,4.865,1.037
30,7,4.790,1.178
30,8,4.717,1.315
30,9,4.646,1.447
30,10,4.577,1.576
30,11,4.511,1.701
30,12,4.446,1.822
30,13,4.384,1.940
30,14,4.323,2.054
30,15,4.265,2.164
30,16,4.208,2.272
30,17,4.154,2.376
30,18,4.101,2.477
30,19,4.050,2.575
30,20,4.001,2.671
30,21,3.953,2.764
30,22,3.907,2.854
30,23,3.862,2.942
30,24,3.819,3.027
30,25,3.777,3.110
30,26,3.737,3.191
30,27,3.698,3.269
30,28,3.660,3.346
30,29,3.623,3.420
30,30,3.588,3.492
30,31,3.553,3.562
30,32,3.520,3.630
30,33,3.488,3.697
30,34,3.457,3.761
30,35,3.426,3.824
30,36,3.397,3.885
30,37,3.368,3.945
30,38,3.341,4.002
30,39,3.314,4.058
30,40,3.287,4.113
30,41,3.262,4.166
30,42,3.237,4.218
30,43,3.212,4.268
30,44,3.189,4.317
30,45,3.166,4.364
30,46,3.144,4.411
30,47,3.122,4.456
30,48,3.102,4.500
30,49,3.081,4.543
31,0,5.449,0.086
31,1,5.359,0.255
31,2,5.276,0.418
31,3,5.186,0.576
31,4,5.104,0.729
31,5,5.024,0.877
31,6,4.947,1.021
31,7,4.872,1.160
31,8,4.799,1.295
31,9,4.728,1.426
31,10,4.659,1.554
31,11,4.593,1.677
31,12,4.528,1.797
31,13,4.465,1.913
31,14,4.404,2.026
31,15,4.346,2.136
31,16,4.289,2.242
31,17,4.234,2.345
31,18,4.181,2.446
31,19,4.129,2.543
31,20,4.079,2.638
31,21,4.031,2.730
31,22,3.984,2.820
31,23,3.939,2.907
31,24,3.895,2.991
31,25,3.853,3.074
31,26,3.812,3.153
31,27,3.772,3.231
31,28,3.734,3.306
31,29,3.697,3.379
31,30,3.661,3.450
31,31,3.626,3.519
31,32,3.592,3.586
31,33,3.559,3.652
31,34,3.527,3.715
31,35,3.496,3.777
31,36,3.466,3.837
31,37,3.437,3.895
31,38,3.409,3.952
31,39,3.381,4.007
31,40,3.354,4.061
31,41,3.328,4.113
31,42,3.303,4.164
31,43,3.278,4.214
31,44,3.254,4.262
31,45,3.231,4.309
31,46,3.208,4.355
31,47,3.186,4.400
31,48,3.164,4.443
31,49,3.143,4.485
32,0,5.529,0.085
32,1,5.439,0.251
32,2,5.351,0.412
32,3,5.266,0.567
32,4,5.184,0.717
32,5,5.104,0.864
32,6,5.026,1.005
32,7,4.951,1.143
32,8,4.878,1.276
32,9,4.807,1.406
32,10,4.739,1.532
32,11,4.673,1.655
32,12,4.608,1.774
32,13,4.546,1.889
32,14,4.485,2.001
32,15,4.427,2.110
32,16,4.370,2.216
32,17,4.315,2.319
32,18,4.262,2.419
32,19,4.210,2.517
32,20,4.160,2.612
32,21,4.112,2.704
32,22,4.065,2.794
32,23,4.020,2.881
32,24,3.977,2.966
32,25,3.934,3.048
32,26,3.894,3.128
32,27,3.854,3.206
32,28,3.816,3.281
32,29,3.779,3.355
32,30,3.743,3.426
32,31,3.708,3.495
32,32,3.674,3.562
32,33,3.641,3.628
32,34,3.609,3.691
32,35,3.578,3.753
32,36,3.548,3.813
32,37,3.519,3.871
32,38,3.490,3.928
32,39,3.463,3.983
32,40,3.436,4.037
32,41,3.410,4.089
32,42,3.384,4.140
32,43,3.359,4.190
32,44,3.335,4.238
32,45,3.312,4.285
32,46,3.289,4.330
32,47,3.267,4.375
32,48,3.246,4.418
32,49,3.225,4.460
33,0,5.606,0.084
33,1,5.516,0.247
33,2,5.428,0.405
33,3,5.343,0.558
33,4,5.261,0.707
33,5,5.181,0.853
33,6,5.103,0.993
33,7,5.028,1.130
33,8,4.955,1.262
33,9,4.884,1.391
33,10,4.816,1.516
33,11,4.750,1.638
33,12,4.686,1.756
33,13,4.624,1.871
33,14,4.564,1.982
33,15,4.506,2.091
33,16,4.450,2.197
33,17,4.396,2.299
33,18,4.343,2.399
33,19,4.293,2.496
33,20,4.244,2.591
33,21,4.197,2.683
33,22,4.151,2.772
33,23,4.107,2.859
33,24,4.064,2.944
33,25,4.023,3.026
33,26,3.983,3.106
33,27,3.944,3.184
33,28,3.907,3.259
33,29,3.871,3.333
33,30,3.836,3.404
33,31,3.802,3.474
33,32,3.769,3.541
33,33,3.737,3.607
33,34,3.706,3.670
33,35,3.676,3.732
33,36,3.647,3.793
33,37,3.619,3.851
33,38,3.591,3.908
33,39,3.565,3.963
33,40,3.539,4.017
33,41,3.514,4.069
33,42,3.489,4.119
33,43,3.465,4.168
33,44,3.442,4.216
33,45,3.420,4.263
33,46,3.398,4.308
33,47,3.377,4.352
33,48,3.357,4.395
33,49,3.337,4.437
34,0,5.680,0.082
34,1,5.590,0.243
34,2,5.503,0.399
34,3,5.418,0.551
34,4,5.336,0.699
34,5,5.256,0.843
34,6,5.178,0.982
34,7,5.103,1.118
34,8,5.030,1.250
34,9,4.959,1.378
34,10,4.890,1.503
34,11,4.824,1.624
34,12,4.760,1.741
34,13,4.698,1.856
34,14,4.638,1.967
34,15,4.580,2.075
34,16,4.524,2.181
34,17,4.470,2.283
34,18,4.417,2.383
34,19,4.367,2.480
34,20,4.318,2.575
34,21,4.271,2.667
34,22,4.225,2.757
34,23,4.181,2.844
34,24,4.138,2.929
34,25,4.097,3.012
34,26,4.057,3.092
34,27,4.018,3.170
34,28,3.981,3.247
34,29,3.945,3.321
34,30,3.910,3.392
34,31,3.876,3.462
34,32,3.843,3.530
34,33,3.812,3.596
34,34,3.781,3.660
34,35,3.751,3.722
34,36,3.722,3.783
34,37,3.694,3.842
34,38,3.667,3.899
34,39,3.640,3.954
34,40,3.614,4.008
34,41,3.589,4.061
34,42,3.564,4.112
34,43,3.540,4.161
34,44,3.517,4.209
34,45,3.494,4.256
34,46,3.472,4.301
34,47,3.450,4.345
34,48,3.430,4.388
34,49,3.409,4.429
35,0,5.752,0.081
35,1,5.660,0.239
35,2,5.575,0.393
35,3,5.490,0.543
35,4,5.408,0.690
35,5,5.328,0.834
35,6,5.251,0.973
35,7,5.175,1.109
35,8,5.102,1.241
35,9,5.031,1.370
35,10,4.961,1.496
35,11,4.895,1.618
35,12,4.830,1.737
35,13,4.767,1.853
35,14,4.707,1.966
35,15,4.649,2.075
35,16,4.592,2.182
35,17,4.538,2.286
35,18,4.485,2.387
35,19,4.434,2.485
35,20,4.385,2.581
35,21,4.337,2.674
35,22,4.291,2.764
35,23,4.246,2.853
35,24,4.202,2.938
35,25,4.160,3.022
35,26,4.120,3.103
35,27,4.081,3.183
35,28,4.043,3.260
35,29,4.006,3.335
35,30,3.971,3.408
35,31,3.936,3.479
35,32,3.903,3.548
35,33,3.871,3.615
35,34,3.840,3.681
35,35,3.810,3.745
35,36,3.780,3.807
35,37,3.752,3.867
35,38,3.725,3.925
35,39,3.699,3.982
35,40,3.673,4.037
35,41,3.648,4.091
35,42,3.624,4.143
35,43,3.600,4.194
35,44,3.577,4.243
35,45,3.554,4.291
35,46,3.532,4.338
35,47,3.511,4.383
35,48,3.491,4.427
35,49,3.471,4.469
36,0,5.822,0.080
36,1,5.729,0.236
36,2,5.645,0.388
36,3,5.561,0.536
36,4,5.478,0.681
36,5,5.399,0.822
36,6,5.321,0.960
36,7,5.246,1.094
36,8,5.173,1.225
36,9,5.101,1.353
36,10,5.032,1.478
36,11,4.966,1.599
36,12,4.901,1.718
36,13,4.838,1.833
36,14,4.778,1.946
36,15,4.719,2.055
36,16,4.663,2.162
36,17,4.608,2.266
36,18,4.555,2.367
36,19,4.504,2.465
36,20,4.454,2.561
36,21,4.406,2.655
36,22,4.360,2.746
36,23,4.315,2.834
36,24,4.271,2.921
36,25,4.229,3.005
36,26,4.189,3.087
36,27,4.149,3.166
36,28,4.111,3.244
36,29,4.074,3.319
36,30,4.038,3.392
36,31,4.003,3.463
36,32,3.969,3.532
36,33,3.936,3.599
36,34,3.904,3.665
36,35,3.873,3.728
36,36,3.843,3.790
36,37,3.813,3.850
36,38,3.785,3.909
36,39,3.757,3.966
36,40,3.730,4.021
36,41,3.704,4.075
36,42,3.678,4.127
36,43,3.653,4.178
36,44,3.629,4.227
36,45,3.605,4.275
36,46,3.582,4.322
36,47,3.559,4.367
36,48,3.537,4.411
36,49,3.516,4.453
37,0,5.889,0.079
37,1,5.797,0.232
37,2,5.713,0.381
37,3,5.629,0.527
37,4,5.547,0.669
37,5,5.469,0.807
37,6,5.389,0.942
37,7,5.314,1.073
37,8,5.241,1.202
37,9,5.169,1.327
37,10,5.100,1.449
37,11,5.034,1.568
37,12,4.969,1.684
37,13,4.907,1.797
37,14,4.846,1.908
37,15,4.787,2.016
37,16,4.730,2.121
37,17,4.675,2.224
37,18,4.621,2.324
37,19,4.570,2.422
37,20,4.520,2.517
37,21,4.471,2.610
37,22,4.424,2.701
37,23,4.379,2.789
37,24,4.335,2.875
37,25,4.293,2.959
37,26,4.252,3.041
37,27,4.213,3.120
37,28,4.174,3.197
37,29,4.137,3.272
37,30,4.101,3.346
37,31,4.066,3.417
37,32,4.032,3.486
37,33,3.999,3.554
37,34,3.967,3.620
37,35,3.936,3.684
37,36,3.906,3.746
37,37,3.877,3.807
37,38,3.848,3.866
37,39,3.820,3.924
37,40,3.793,3.980
37,41,3.767,4.034
37,42,3.741,4.087
37,43,3.716,4.139
37,44,3.692,4.189
37,45,3.668,4.238
37,46,3.645,4.285
37,47,3.622,4.331
37,48,3.600,4.376
37,49,3.579,4.419
38,0,5.954,0.077
38,1,5.861,0.229
38,2,5.779,0.375
38,3,5.694,0.519
38,4,5.613,0.659
38,5,5.533,0.795
38,6,5.456,0.928
38,7,5.381,1.058
38,8,5.307,1.185
38,9,5.236,1.309
38,10,5.166,1.430
38,11,5.099,1.548
38,12,5.033,1.664
38,13,4.970,1.777
38,14,4.908,1.887
38,15,4.848,1.995
38,16,4.791,2.100
38,17,4.735,2.203
38,18,4.681,2.304
38,19,4.629,2.402
38,20,4.579,2.498
38,21,4.530,2.592
38,22,4.483,2.684
38,23,4.437,2.773
38,24,4.393,2.861
38,25,4.350,2.946
38,26,4.309,3.029
38,27,4.269,3.110
38,28,4.230,3.189
38,29,4.192,3.266
38,30,4.156,3.341
38,31,4.121,3.415
38,32,4.087,3.486
38,33,4.053,3.556
38,34,4.021,3.623
38,35,3.990,3.689
38,36,3.960,3.753
38,37,3.931,3.816
38,38,3.902,3.877
38,39,3.874,3.936
38,40,3.847,3.994
38,41,3.821,4.050
38,42,3.795,4.105
38,43,3.770,4.158
38,44,3.746,4.210
38,45,3.722,4.260
38,46,3.699,4.309
38,47,3.676,4.357
38,48,3.654,4.403
38,49,3.633,4.448
39,0,6.018,0.076
39,1,5.924,0.225
39,2,5.842,0.369
39,3,5.758,0.510
39,4,5.677,0.647
39,5,5.597,0.781
39,6,5.520,0.911
39,7,5.445,1.038
39,8,5.372,1.163
39,9,5.301,1.284
39,10,5.231,1.402
39,11,5.165,1.517
39,12,5.100,1.630
39,13,5.037,1.740
39,14,4.975,1.847
39,15,4.916,1.952
39,16,4.859,2.054
39,17,4.803,2.154
39,18,4.749,2.251
39,19,4.697,2.346
39,20,4.647,2.439
39,21,4.598,2.529
39,22,4.551,2.617
39,23,4.505,2.703
39,24,4.461,2.787
39,25,4.418,2.868
39,26,4.377,2.948
39,27,4.337,3.025
39,28,4.298,3.100
39,29,4.261,3.174
39,30,4.225,3.245
39,31,4.190,3.314
39,32,4.156,3.381
39,33,4.123,3.447
39,34,4.091,3.510
39,35,4.060,3.572
39,36,4.030,3.632
39,37,4.001,3.690
39,38,3.972,3.747
39,39,3.945,3.802
39,40,3.918,3.855
39,41,3.892,3.907
39,42,3.867,3.957
39,43,3.843,4.006
39,44,3.819,4.054
39,45,3.796,4.100
39,46,3.774,4.145
39,47,3.752,4.188
39,48,3.731,4.230
39,49,3.711,4.271
40,0,6.079,0.075
40,1,5.985,0.222
40,2,5.904,0.364
40,3,5.821,0.503
40,4,5.739,0.638
40,5,5.660,0.769
40,6,5.583,0.896
40,7,5.508,1.020
40,8,5.435,1.141
40,9,5.364,1.258
40,10,5.295,1.373
40,11,5.229,1.484
40,12,5.164,1.593
40,13,5.101,1.699
40,14,5.040,1.802
40,15,4.981,1.902
40,16,4.924,2.000
40,17,4.869,2.094
40,18,4.816,2.187
40,19,4.764,2.276
40,20,4.715,2.363
40,21,4.667,2.448
40,22,4.620,2.530
40,23,4.575,2.610
40,24,4.531,2.687
40,25,4.488,2.762
40,26,4.447,2.835
40,27,4.407,2.906
40,28,4.369,2.975
40,29,4.331,3.041
40,30,4.295,3.106
40,31,4.260,3.169
40,32,4.226,3.229
40,33,4.193,3.288
40,34,4.161,3.345
40,35,4.131,3.400
40,36,4.101,3.454
40,37,4.073,3.506
40,38,4.045,3.556
40,39,4.018,3.605
40,40,3.992,3.652
40,41,3.967,3.698
40,42,3.942,3.742
40,43,3.918,3.785
40,44,3.895,3.826
40,45,3.872,3.866
40,46,3.850,3.904
40,47,3.829,3.941
40,48,3.808,3.977
40,49,3.788,4.011
41,0,6.138,0.074
41,1,6.050,0.219
41,2,5.964,0.360
41,3,5.881,0.498
41,4,5.800,0.632
41,5,5.721,0.763
41,6,5.644,0.890
41,7,5.569,1.014
41,8,5.496,1.135
41,9,5.425,1.253
41,10,5.356,1.369
41,11,5.290,1.481
41,12,5.225,1.590
41,13,5.162,1.697
41,14,5.101,1.800
41,15,5.042,1.901
41,16,4.985,1.999
41,17,4.930,2.094
41,18,4.876,2.187
41,19,4.824,2.277
41,20,4.774,2.365
41,21,4.726,2.450
41,22,4.679,2.533
41,23,4.634,2.614
41,24,4.590,2.693
41,25,4.547,2.769
41,26,4.506,2.843
41,27,4.466,2.915
41,28,4.427,2.985
41,29,4.390,3.053
41,30,4.353,3.119
41,31,4.318,3.183
41,32,4.283,3.245
41,33,4.250,3.305
41,34,4.217,3.364
41,35,4.186,3.421
41,36,4.155,3.476
41,37,4.125,3.529
41,38,4.096,3.581
41,39,4.068,3.631
41,40,4.041,3.680
41,41,4.014,3.727
41,42,3.988,3.773
41,43,3.962,3.817
41,44,3.938,3.860
41,45,3.913,3.901
41,46,3.890,3.941
41,47,3.867,3.980
41,48,3.845,4.017
41,49,3.823,4.053
42,0,6.196,0.073
42,1,6.108,0.216
42,2,6.023,0.356
42,3,5.939,0.493
42,4,5.859,0.627
42,5,5.780,0.757
42,6,5.703,0.884
42,7,5.628,1.008
42,8,5.556,1.129
42,9,5.485,1.247
42,10,5.417,1.362
42,11,5.351,1.474
42,12,5.286,1.584
42,13,5.223,1.690
42,14,5.163,1.794
42,15,5.104,1.895
42,16,5.047,1.993
42,17,4.992,2.089
42,18,4.938,2.183
42,19,4.886,2.274
42,20,4.836,2.363
42,21,4.787,2.449
42,22,4.740,2.533
42,23,4.695,2.615
42,24,4.650,2.695
42,25,4.607,2.773
42,26,4.565,2.849
42,27,4.525,2.922
42,28,4.486,2.994
42,29,4.448,3.063
42,30,4.411,3.130
42,31,4.375,3.196
42,32,4.341,3.259
42,33,4.307,3.321
42,34,4.274,3.380
42,35,4.243,3.438
42,36,4.212,3.494
42,37,4.183,3.548
42,38,4.154,3.601
42,39,4.126,3.652
42,40,4.099,3.702
42,41,4.073,3.750
42,42,4.047,3.797
42,43,4.022,3.842
42,44,3.998,3.886
42,45,3.974,3.928
42,46,3.951,3.969
42,47,3.929,4.009
42,48,3.907,4.048
42,49,3.886,4.085
43,0,6.252,0.072
43,1,6.164,0.214
43,2,6.079,0.353
43,3,5.996,0.489
43,4,5.916,0.621
43,5,5.837,0.750
43,6,5.761,0.876
43,7,5.686,0.999
43,8,5.614,1.119
43,9,5.543,1.236
43,10,5.475,1.350
43,11,5.409,1.461
43,12,5.345,1.570
43,13,5.283,1.676
43,14,5.223,1.780
43,15,5.165,1.881
43,16,5.109,1.980
43,17,5.054,2.076
43,18,5.002,2.170
43,19,4.951,2.262
43,20,4.901,2.351
43,21,4.854,2.438
43,22,4.808,2.523
43,23,4.764,2.606
43,24,4.721,2.686
43,25,4.680,2.765
43,26,4.640,2.841
43,27,4.602,2.916
43,28,4.564,2.988
43,29,4.528,3.058
43,30,4.493,3.127
43,31,4.459,3.193
43,32,4.426,3.258
43,33,4.395,3.320
43,34,4.364,3.381
43,35,4.334,3.440
43,36,4.305,3.497
43,37,4.277,3.553
43,38,4.249,3.607
43,39,4.222,3.660
43,40,4.196,3.711
43,41,4.170,3.760
43,42,4.146,3.808
43,43,4.122,3.854
43,44,4.099,3.899
43,45,4.076,3.943
43,46,4.054,3.985
43,47,4.033,4.026
43,48,4.012,4.066
43,49,3.992,4.105
44,0,6.306,0.071
44,1,6.219,0.211
44,2,6.134,0.349
44,3,6.052,0.483
44,4,5.971,0.614
44,5,5.893,0.742
44,6,5.817,0.867
44,7,5.743,0.989
44,8,5.670,1.108
44,9,5.599,1.224
44,10,5.531,1.338
44,11,5.465,1.449
44,12,5.400,1.557
44,13,5.337,1.663
44,14,5.277,1.766
44,15,5.218,1.867
44,16,5.161,1.965
44,17,5.105,2.061
44,18,5.051,2.155
44,19,4.998,2.246
44,20,4.947,2.336
44,21,4.898,2.423
44,22,4.851,2.507
44,23,4.805,2.590
44,24,4.760,2.670
44,25,4.717,2.749
44,26,4.675,2.825
44,27,4.635,2.900
44,28,4.596,2.973
44,29,4.558,3.044
44,30,4.521,3.113
44,31,4.485,3.180
44,32,4.450,3.246
44,33,4.416,3.309
44,34,4.383,3.371
44,35,4.351,3.431
44,36,4.320,3.490
44,37,4.290,3.547
44,38,4.261,3.602
44,39,4.232,3.656
44,40,4.205,3.708
44,41,4.178,3.759
44,42,4.152,3.808
44,43,4.127,3.856
44,44,4.102,3.902
44,45,4.078,3.947
44,46,4.055,3.991
44,47,4.033,4.033
44,48,4.011,4.074
44,49,3.990,4.114
45,0,6.359,0.070
45,1,6.272,0.207
45,2,6.188,0.342
45,3,6.106,0.474
45,4,6.026,0.603
45,5,5.948,0.728
45,6,5.872,0.850
45,7,5.798,0.969
45,8,5.725,1.085
45,9,5.655,1.199
45,10,5.587,1.310
45,11,5.520,1.418
45,12,5.455,1.523
45,13,5.392,1.626
45,14,5.330,1.726
45,15,5.270,1.823
45,16,5.212,1.918
45,17,5.155,2.010
45,18,5.100,2.100
45,19,5.046,2.187
45,20,4.994,2.273
45,21,4.943,2.356
45,22,4.894,2.437
45,23,4.846,2.516
45,24,4.800,2.593
45,25,4.754,2.668
45,26,4.710,2.741
45,27,4.667,2.812
45,28,4.626,2.881
45,29,4.585,2.948
45,30,4.546,3.014
45,31,4.507,3.077
45,32,4.470,3.139
45,33,4.434,3.199
45,34,4.399,3.257
45,35,4.365,3.313
45,36,4.332,3.368
45,37,4.300,3.421
45,38,4.269,3.473
45,39,4.239,3.523
45,40,4.210,3.572
45,41,4.181,3.619
45,42,4.154,3.665
45,43,4.127,3.710
45,44,4.101,3.753
45,45,4.076,3.795
45,46,4.052,3.836
45,47,4.028,3.875
45,48,4.005,3.914
45,49,3.983,3.951
46,0,6.410,0.069
46,1,6.324,0.205
46,2,6.240,0.338
46,3,6.158,0.469
46,4,6.078,0.597
46,5,6.001,0.722
46,6,5.925,0.845
46,7,5.851,0.964
46,8,5.779,1.081
46,9,5.709,1.195
46,10,5.640,1.307
46,11,5.574,1.416
46,12,5.509,1.523
46,13,5.446,1.627
46,14,5.385,1.729
46,15,5.325,1.829
46,16,5.268,1.927
46,17,5.211,2.022
46,18,5.157,2.115
46,19,5.103,2.206
46,20,5.052,2.295
46,21,5.002,2.382
46,22,4.953,2.467
46,23,4.905,2.549
46,24,4.859,2.630
46,25,4.814,2.709
46,26,4.770,2.786
46,27,4.727,2.861
46,28,4.686,2.934
46,29,4.646,3.006
46,30,4.607,3.076
46,31,4.569,3.144
46,32,4.532,3.211
46,33,4.496,3.276
46,34,4.461,3.339
46,35,4.427,3.401
46,36,4.394,3.461
46,37,4.362,3.520
46,38,4.331,3.577
46,39,4.301,3.632
46,40,4.272,3.686
46,41,4.243,3.739
46,42,4.216,3.791
46,43,4.189,3.841
46,44,4.163,3.889
46,45,4.137,3.937
46,46,4.112,3.983
46,47,4.088,4.028
46,48,4.064,4.072
46,49,4.041,4.114
47,0,6.460,0.068
47,1,6.374,0.201
47,2,6.289,0.333
47,3,6.209,0.462
47,4,6.130,0.589
47,5,6.052,0.713
47,6,5.977,0.834
47,7,5.903,0.953
47,8,5.831,1.069
47,9,5.761,1.183
47,10,5.692,1.295
47,11,5.626,1.404
47,12,5.561,1.511
47,13,5.498,1.616
47,14,5.437,1.718
47,15,5.378,1.818
47,16,5.320,1.916
47,17,5.264,2.012
47,18,5.209,2.105
47,19,5.156,2.197
47,20,5.104,2.286
47,21,5.054,2.373
47,22,5.005,2.458
47,23,4.958,2.541
47,24,4.912,2.621
47,25,4.868,2.700
47,26,4.825,2.777
47,27,4.783,2.852
47,28,4.743,2.925
47,29,4.703,2.996
47,30,4.665,3.066
47,31,4.627,3.134
47,32,4.591,3.200
47,33,4.555,3.265
47,34,4.520,3.327
47,35,4.486,3.389
47,36,4.453,3.448
47,37,4.421,3.505
47,38,4.389,3.562
47,39,4.359,3.617
47,40,4.329,3.670
47,41,4.300,3.722
47,42,4.273,3.773
47,43,4.245,3.822
47,44,4.219,3.870
47,45,4.193,3.917
47,46,4.168,3.962
47,47,4.143,4.006
47,48,4.119,4.048
47,49,4.096,4.089
48,0,6.508,0.067
48,1,6.422,0.199
48,2,6.340,0.329
48,3,6.259,0.456
48,4,6.180,0.581
48,5,6.103,0.703
48,6,6.028,0.822
48,7,5.954,0.939
48,8,5.883,1.053
48,9,5.813,1.165
48,10,5.745,1.275
48,11,5.679,1.382
48,12,5.615,1.487
48,13,5.552,1.590
48,14,5.492,1.690
48,15,5.433,1.789
48,16,5.376,1.885
48,17,5.319,1.979
48,18,5.265,2.071
48,19,5.212,2.160
48,20,5.160,2.248
48,21,5.111,2.333
48,22,5.062,2.417
48,23,5.015,2.498
48,24,4.970,2.578
48,25,4.925,2.655
48,26,4.883,2.731
48,27,4.841,2.805
48,28,4.801,2.877
48,29,4.762,2.947
48,30,4.724,3.015
48,31,4.687,3.082
48,32,4.651,3.146
48,33,4.616,3.209
48,34,4.582,3.269
48,35,4.548,3.328
48,36,4.516,3.386
48,37,4.485,3.441
48,38,4.454,3.495
48,39,4.424,3.548
48,40,4.395,3.599
48,41,4.367,3.649
48,42,4.339,3.697
48,43,4.312,3.744
48,44,4.286,3.790
48,45,4.260,3.834
48,46,4.235,3.877
48,47,4.211,3.918
48,48,4.187,3.958
48,49,4.164,3.997
49,0,6.555,0.066
49,1,6.471,0.196
49,2,6.388,0.323
49,3,6.307,0.446
49,4,6.229,0.566
49,5,6.152,0.684
49,6,6.077,0.798
49,7,6.004,0.910
49,8,5.933,1.019
49,9,5.863,1.125
49,10,5.795,1.229
49,11,5.729,1.330
49,12,5.665,1.429
49,13,5.602,1.526
49,14,5.542,1.620
49,15,5.482,1.711
49,16,5.425,1.801
49,17,5.369,1.888
49,18,5.314,1.973
49,19,5.261,2.056
49,20,5.210,2.137
49,21,5.160,2.216
49,22,5.112,2.293
49,23,5.065,2.368
49,24,5.019,2.441
49,25,4.975,2.512
49,26,4.932,2.581
49,27,4.891,2.648
49,28,4.851,2.713
49,29,4.812,2.777
49,30,4.774,2.838
49,31,4.737,2.898
49,32,4.701,2.956
49,33,4.667,3.012
49,34,4.633,3.067
49,35,4.601,3.120
49,36,4.569,3.171
49,37,4.539,3.221
49,38,4.509,3.270
49,39,4.480,3.317
49,40,4.452,3.362
49,41,4.425,3.406
49,42,4.398,3.449
49,43,4.372,3.490
49,44,4.347,3.530
49,45,4.323,3.569
49,46,4.299,3.607
49,47,4.276,3.643
49,48,4.272,3.935
49,49,3.984,3.984