# a, l, n, omega0_R, omega0_I, alpha1, beta1, alpha2, beta2
0.00, 2, 0, 0.3737, -0.0890, -0.00040, 0.00009, -0.00010, 0.00002
0.01, 2, 0, 0.3788, -0.0880, -0.00046, 0.00008, -0.00012, 0.00002
0.02, 2, 0, 0.3839, -0.0870, -0.00052, 0.00008, -0.00013, 0.00002
0.03, 2, 0, 0.3890, -0.0860, -0.00058, 0.00006, -0.00015, 0.00001
0.04, 2, 0, 0.3941, -0.0850, -0.00064, 0.00005, -0.00017, 0.00001
0.05, 2, 0, 0.3992, -0.0840, -0.00070, 0.00004, -0.00019, 0.00001
0.06, 2, 0, 0.4043, -0.0830, -0.00076, 0.00004, -0.00021, 0.00001
0.07, 2, 0, 0.4094, -0.0820, -0.00082, 0.00003, -0.00023, 0.00001
0.08, 2, 0, 0.4145, -0.0810, -0.00088, 0.00002, -0.00025, 0.00001
0.09, 2, 0, 0.4196, -0.0800, -0.00094, 0.00002, -0.00027, 0.00001
0.10, 2, 0, 0.4247, -0.0790, -0.00100, 0.00001, -0.00029, 0.00000
0.11, 2, 0, 0.4298, -0.0780, -0.00106, 0.00001, -0.00031, 0.00000
0.12, 2, 0, 0.4349, -0.0770, -0.00112, 0.00001, -0.00032, 0.00000
0.13, 2, 0, 0.4400, -0.0760, -0.00118, 0.00000, -0.00034, 0.00000
0.14, 2, 0, 0.4451, -0.0750, -0.00124, 0.00000, -0.00036, 0.00000
0.15, 2, 0, 0.4502, -0.0740, -0.00130, 0.00000, -0.00038, 0.00000
0.16, 2, 0, 0.4553, -0.0730, -0.00130, 0.00000, -0.00030, 0.00000
0.17, 2, 0, 0.4604, -0.0720, -0.00130, 0.00000, -0.00030, 0.00000
0.18, 2, 0, 0.4655, -0.0710, -0.00130, 0.00000, -0.00030, 0.00000
0.19, 2, 0, 0.4706, -0.0700, -0.00130, 0.00000, -0.00030, 0.00000
0.20, 2, 0, 0.4757, -0.0690, -0.00130, 0.00000, -0.00030, 0.00000
0.21, 2, 0, 0.4808, -0.0680, -0.00130, 0.00000, -0.00030, 0.00000
0.22, 2, 0, 0.4859, -0.0670, -0.00130, 0.00000, -0.00030, 0.00000
0.23, 2, 0, 0.4910, -0.0660, -0.00130, 0.00000, -0.00030, 0.00000
0.24, 2, 0, 0.4961, -0.0650, -0.00130, 0.00000, -0.00030, 0.00000
0.25, 2, 0, 0.5012, -0.0640, -0.00130, 0.00000, -0.00030, 0.00000
0.26, 2, 0, 0.5063, -0.0630, -0.00130, 0.00000, -0.00030, 0.00000
0.27, 2, 0, 0.5114, -0.0620, -0.00130, 0.00000, -0.00030, 0.00000
0.28, 2, 0, 0.5165, -0.0610, -0.00130, 0.00000, -0.00030, 0.00000
0.29, 2, 0, 0.5216, -0.0600, -0.00130, 0.00000, -0.00030, 0.00000
0.30, 2, 0, 0.5267, -0.0593, -0.00130, 0.00000, -0.00030, 0.00000
0.31, 2, 0, 0.5318, -0.0587, -0.00130, 0.00000, -0.00030, 0.00000
0.32, 2, 0, 0.5369, -0.0580, -0.00130, 0.00000, -0.00030, 0.00000
0.33, 2, 0, 0.5420, -0.0573, -0.00130, 0.00000, -0.00030, 0.00000
0.34, 2, 0, 0.5471, -0.0567, -0.00130, 0.00000, -0.00030, 0.00000
0.35, 2, 0, 0.5522, -0.0560, -0.00130, 0.00000, -0.00030, 0.00000
0.36, 2, 0, 0.5573, -0.0553, -0.00130, 0.00000, -0.00030, 0.00000
0.37, 2, 0, 0.5624, -0.0547, -0.00130, 0.00000, -0.00030, 0.00000
0.38, 2, 0, 0.5675, -0.0540, -0.00130, 0.00000, -0.00030, 0.00000
0.39, 2, 0, 0.5726, -0.0533, -0.00130, 0.00000, -0.00030, 0.00000
0.40, 2, 0, 0.5777, -0.0527, -0.00130, 0.00000, -0.00030, 0.00000
0.41, 2, 0, 0.5828, -0.0520, -0.00130, 0.00000, -0.00030, 0.00000
0.42, 2, 0, 0.5879, -0.0513, -0.00130, 0.00000, -0.00030, 0.00000
0.43, 2, 0, 0.5930, -0.0507, -0.00130, 0.00000, -0.00030, 0.00000
0.44, 2, 0, 0.5981, -0.0500, -0.00130, 0.00000, -0.00030, 0.00000
0.45, 2, 0, 0.6032, -0.0493, -0.00130, 0.00000, -0.00030, 0.00000
0.46, 2, 0, 0.6083, -0.0487, -0.00130, 0.00000, -0.00030, 0.00000
0.47, 2, 0, 0.6134, -0.0480, -0.00130, 0.00000, -0.00030, 0.00000
0.48, 2, 0, 0.6185, -0.0473, -0.00130, 0.00000, -0.00030, 0.00000
0.49, 2, 0, 0.6236, -0.0467, -0.00130, 0.00000, -0.00030, 0.00000
0.50, 2, 0, 0.6287, -0.0460, -0.00130, 0.00000, -0.00030, 0.00000
0.51, 2, 0, 0.6338, -0.0453, -0.00130, 0.00000, -0.00030, 0.00000
0.52, 2, 0, 0.6389, -0.0447, -0.00130, 0.00000, -0.00030, 0.00000
0.53, 2, 0, 0.6440, -0.0440, -0.00130, 0.00000, -0.00030, 0.00000
0.54, 2, 0, 0.6491, -0.0433, -0.00130, 0.00000, -0.00030, 0.00000
0.55, 2, 0, 0.6542, -0.0427, -0.00130, 0.00000, -0.00030, 0.00000
0.56, 2, 0, 0.6593, -0.0420, -0.00130, 0.00000, -0.00030, 0.00000
0.57, 2, 0, 0.6644, -0.0413, -0.00130, 0.00000, -0.00030, 0.00000
0.58, 2, 0, 0.6695, -0.0407, -0.00130, 0.00000, -0.00030, 0.00000
0.59, 2, 0, 0.6746, -0.0400, -0.00130, 0.00000, -0.00030, 0.00000
0.60, 2, 0, 0.6797, -0.0393, -0.00130, 0.00000, -0.00030, 0.00000
0.61, 2, 0, 0.6848, -0.0387, -0.00130, 0.00000, -0.00030, 0.00000
0.62, 2, 0, 0.6899, -0.0380, -0.00130, 0.00000, -0.00030, 0.00000
0.63, 2, 0, 0.6950, -0.0373, -0.00130, 0.00000, -0.00030, 0.00000
0.64, 2, 0, 0.7001, -0.0367, -0.00130, 0.00000, -0.00030, 0.00000
0.65, 2, 0, 0.7052, -0.0360, -0.00130, 0.00000, -0.00030, 0.00000
0.66, 2, 0, 0.7103, -0.0353, -0.00130, 0.00000, -0.00030, 0.00000
0.67, 2, 0, 0.7154, -0.0347, -0.00130, 0.00000, -0.00030, 0.00000
0.68, 2, 0, 0.7205, -0.0340, -0.00130, 0.00000, -0.00030, 0.00000
0.69, 2, 0, 0.7256, -0.0333, -0.00130, 0.00000, -0.00030, 0.00000
0.70, 2, 0, 0.7307, -0.0327, -0.00130, 0.00000, -0.00030, 0.00000
0.71, 2, 0, 0.7358, -0.0320, -0.00130, 0.00000, -0.00030, 0.00000
0.72, 2, 0, 0.7409, -0.0313, -0.00130, 0.00000, -0.00030, 0.00000
0.73, 2, 0, 0.7460, -0.0307, -0.00130, 0.00000, -0.00030, 0.00000
0.74, 2, 0, 0.7511, -0.0300, -0.00130, 0.00000, -0.00030, 0.00000
0.75, 2, 0, 0.7562, -0.0293, -0.00130, 0.00000, -0.00030, 0.00000
0.76, 2, 0, 0.7613, -0.0287, -0.00130, 0.00000, -0.00030, 0.00000
0.77, 2, 0, 0.7664, -0.0280, -0.00130, 0.00000, -0.00030, 0.00000
0.78, 2, 0, 0.7715, -0.0273, -0.00130, 0.00000, -0.00030, 0.00000
0.79, 2, 0, 0.7766, -0.0267, -0.00130, 0.00000, -0.00030, 0.00000
0.80, 2, 0, 0.7817, -0.0260, -0.00130, 0.00000, -0.00030, 0.00000
0.81, 2, 0, 0.7868, -0.0253, -0.00130, 0.00000, -0.00030, 0.00000
0.82, 2, 0, 0.7919, -0.0247, -0.00130, 0.00000, -0.00030, 0.00000
0.83, 2, 0, 0.7970, -0.0240, -0.00130, 0.00000, -0.00030, 0.00000
0.84, 2, 0, 0.8021, -0.0233, -0.00130, 0.00000, -0.00030, 0.00000
0.85, 2, 0, 0.8072, -0.0227, -0.00130, 0.00000, -0.00030, 0.00000
0.86, 2, 0, 0.8123, -0.0220, -0.00130, 0.00000, -0.00030, 0.00000
0.87, 2, 0, 0.8174, -0.0213, -0.00130, 0.00000, -0.00030, 0.00000
0.88, 2, 0, 0.8225, -0.0207, -0.00130, 0.00000, -0.00030, 0.00000
0.89, 2, 0, 0.8276, -0.0200, -0.00130, 0.00000, -0.00030, 0.00000
0.90, 2, 0, 0.8327, -0.0193, -0.00130, 0.00000, -0.00030, 0.00000
0.00, 2, 1, 0.3467, -0.2739, -0.00035, 0.00027, -0.00009, 0.00007
0.01, 2, 1, 0.3493, -0.2708, -0.00035, 0.00027, -0.00009, 0.00007
0.02, 2, 1, 0.3518, -0.2677, -0.00036, 0.00026, -0.00009, 0.00007
0.03, 2, 1, 0.3544, -0.2645, -0.00036, 0.00026, -0.00009, 0.00007
0.04, 2, 1, 0.3569, -0.2614, -0.00037, 0.00025, -0.00009, 0.00007
0.05, 2, 1, 0.3595, -0.2583, -0.00037, 0.00025, -0.00009, 0.00006
0.06, 2, 1, 0.3620, -0.2552, -0.00038, 0.00025, -0.00009, 0.00006
0.07, 2, 1, 0.3646, -0.2521, -0.00038, 0.00024, -0.00010, 0.00006
0.08, 2, 1, 0.3672, -0.2490, -0.00039, 0.00024, -0.00010, 0.00006
0.09, 2, 1, 0.3697, -0.2459, -0.00040, 0.00023, -0.00010, 0.00006
0.10, 2, 1, 0.3723, -0.2428, -0.00040, 0.00023, -0.00010, 0.00006
0.11, 2, 1, 0.3748, -0.2397, -0.00041, 0.00022, -0.00010, 0.00006
0.12, 2, 1, 0.3774, -0.2366, -0.00041, 0.00022, -0.00010, 0.00006
0.13, 2, 1, 0.3799, -0.2335, -0.00042, 0.00021, -0.00010, 0.00005
0.14, 2, 1, 0.3825, -0.2304, -0.00042, 0.00021, -0.00010, 0.00005
0.15, 2, 1, 0.3850, -0.2273, -0.00043, 0.00020, -0.00010, 0.00005
0.16, 2, 1, 0.3876, -0.2242, -0.00043, 0.00020, -0.00010, 0.00005
0.17, 2, 1, 0.3902, -0.2212, -0.00044, 0.00019, -0.00010, 0.00005
0.18, 2, 1, 0.3927, -0.2181, -0.00045, 0.00019, -0.00010, 0.00005
0.19, 2, 1, 0.3953, -0.2150, -0.00045, 0.00018, -0.00010, 0.00005
0.20, 2, 1, 0.3978, -0.2120, -0.00046, 0.00018, -0.00010, 0.00005
0.21, 2, 1, 0.4004, -0.2089, -0.00046, 0.00017, -0.00010, 0.00004
0.22, 2, 1, 0.4029, -0.2059, -0.00047, 0.00017, -0.00010, 0.00004
0.23, 2, 1, 0.4055, -0.2029, -0.00047, 0.00016, -0.00011, 0.00004
0.24, 2, 1, 0.4080, -0.1998, -0.00048, 0.00016, -0.00011, 0.00004
0.25, 2, 1, 0.4106, -0.1968, -0.00049, 0.00015, -0.00011, 0.00004
0.26, 2, 1, 0.4132, -0.1938, -0.00049, 0.00015, -0.00011, 0.00004
0.27, 2, 1, 0.4157, -0.1908, -0.00050, 0.00014, -0.00011, 0.00004
0.28, 2, 1, 0.4183, -0.1878, -0.00050, 0.00014, -0.00011, 0.00004
0.29, 2, 1, 0.4208, -0.1848, -0.00051, 0.00013, -0.00011, 0.00003
0.30, 2, 1, 0.4234, -0.1819, -0.00052, 0.00013, -0.00011, 0.00003
0.31, 2, 1, 0.4259, -0.1789, -0.00052, 0.00012, -0.00011, 0.00003
0.32, 2, 1, 0.4285, -0.1760, -0.00053, 0.00012, -0.00011, 0.00003
0.33, 2, 1, 0.4310, -0.1730, -0.00053, 0.00011, -0.00011, 0.00003
0.34, 2, 1, 0.4336, -0.1701, -0.00054, 0.00011, -0.00011, 0.00003
0.35, 2, 1, 0.4361, -0.1672, -0.00055, 0.00010, -0.00011, 0.00003
0.36, 2, 1, 0.4387, -0.1643, -0.00055, 0.00010, -0.00011, 0.00003
0.37, 2, 1, 0.4412, -0.1614, -0.00056, 0.00009, -0.00011, 0.00002
0.38, 2, 1, 0.4438, -0.1585, -0.00056, 0.00009, -0.00012, 0.00002
0.39, 2, 1, 0.4463, -0.1557, -0.00057, 0.00008, -0.00012, 0.00002
0.40, 2, 1, 0.4489, -0.1528, -0.00058, 0.00008, -0.00012, 0.00002
0.41, 2, 1, 0.4514, -0.1500, -0.00058, 0.00007, -0.00012, 0.00002
0.42, 2, 1, 0.4540, -0.1471, -0.00059, 0.00007, -0.00012, 0.00002
0.43, 2, 1, 0.4565, -0.1443, -0.00060, 0.00006, -0.00012, 0.00002
0.44, 2, 1, 0.4591, -0.1415, -0.00060, 0.00006, -0.00012, 0.00002
0.45, 2, 1, 0.4616, -0.1387, -0.00061, 0.00005, -0.00012, 0.00002
0.46, 2, 1, 0.4642, -0.1359, -0.00061, 0.00005, -0.00012, 0.00002
0.47, 2, 1, 0.4667, -0.1331, -0.00062, 0.00004, -0.00012, 0.00001
0.48, 2, 1, 0.4693, -0.1303, -0.00063, 0.00004, -0.00012, 0.00001
0.49, 2, 1, 0.4718, -0.1276, -0.00063, 0.00003, -0.00013, 0.00001
0.50, 2, 1, 0.4744, -0.1248, -0.00064, 0.00003, -0.00013, 0.00001
0.51, 2, 1, 0.4769, -0.1221, -0.00064, 0.00002, -0.00013, 0.00001
0.52, 2, 1, 0.4795, -0.1193, -0.00065, 0.00002, -0.00013, 0.00001
0.53, 2, 1, 0.4820, -0.1166, -0.00066, 0.00001, -0.00013, 0.00001
0.54, 2, 1, 0.4846, -0.1139, -0.00066, 0.00001, -0.00013, 0.00001
0.55, 2, 1, 0.4871, -0.1112, -0.00067, 0.00000, -0.00013, 0.00001
0.56, 2, 1, 0.4897, -0.1085, -0.00068, 0.00000, -0.00013, 0.00001
0.57, 2, 1, 0.4922, -0.1058, -0.00068, 0.00000, -0.00013, 0.00000
0.58, 2, 1, 0.4948, -0.1032, -0.00069, 0.00000, -0.00013, 0.00000
0.59, 2, 1, 0.4973, -0.1005, -0.00069, 0.00000, -0.00013, 0.00000
0.60, 2, 1, 0.4999, -0.0979, -0.00070, 0.00000, -0.00013, 0.00000
0.61, 2, 1, 0.5024, -0.0952, -0.00071, 0.00000, -0.00013, 0.00000
0.62, 2, 1, 0.5050, -0.0926, -0.00071, 0.00000, -0.00013, 0.00000
0.63, 2, 1, 0.5075, -0.0900, -0.00072, 0.00000, -0.00013, 0.00000
0.64, 2, 1, 0.5101, -0.0874, -0.00072, 0.00000, -0.00013, 0.00000
0.65, 2, 1, 0.5126, -0.0848, -0.00073, 0.00000, -0.00013, 0.00000
0.66, 2, 1, 0.5152, -0.0822, -0.00074, 0.00000, -0.00013, 0.00000
0.67, 2, 1, 0.5177, -0.0797, -0.00074, 0.00000, -0.00013, 0.00000
0.68, 2, 1, 0.5203, -0.0771, -0.00075, 0.00000, -0.00014, 0.00000
0.69, 2, 1, 0.5228, -0.0746, -0.00075, 0.00000, -0.00014, 0.00000
0.70, 2, 1, 0.5254, -0.0721, -0.00076, 0.00000, -0.00014, 0.00000
0.71, 2, 1, 0.5279, -0.0696, -0.00077, 0.00000, -0.00014, 0.00000
0.72, 2, 1, 0.5305, -0.0671, -0.00077, 0.00000, -0.00014, 0.00000
0.73, 2, 1, 0.5330, -0.0646, -0.00078, 0.00000, -0.00014, 0.00000
0.74, 2, 1, 0.5356, -0.0622, -0.00078, 0.00000, -0.00014, 0.00000
0.75, 2, 1, 0.5381, -0.0597, -0.00079, 0.00000, -0.00014, 0.00000
0.76, 2, 1, 0.5407, -0.0573, -0.00080, 0.00000, -0.00014, 0.00000
0.77, 2, 1, 0.5432, -0.0549, -0.00080, 0.00000, -0.00014, 0.00000
0.78, 2, 1, 0.5458, -0.0525, -0.00081, 0.00000, -0.00014, 0.00000
0.79, 2, 1, 0.5483, -0.0501, -0.00081, 0.00000, -0.00014, 0.00000
0.80, 2, 1, 0.5509, -0.0478, -0.00082, 0.00000, -0.00015, 0.00000
0.81, 2, 1, 0.5534, -0.0454, -0.00083, 0.00000, -0.00015, 0.00000
0.82, 2, 1, 0.5560, -0.0431, -0.00083, 0.00000, -0.00015, 0.00000
0.83, 2, 1, 0.5585, -0.0408, -0.00084, 0.00000, -0.00015, 0.00000
0.84, 2, 1, 0.5611, -0.0385, -0.00085, 0.00000, -0.00015, 0.00000
0.85, 2, 1, 0.5636, -0.0362, -0.00085, 0.00000, -0.00015, 0.00000
0.86, 2, 1, 0.5662, -0.0340, -0.00086, 0.00000, -0.00015, 0.00000
0.87, 2, 1, 0.5687, -0.0318, -0.00087, 0.00000, -0.00015, 0.00000
0.88, 2, 1, 0.5713, -0.0296, -0.00087, 0.00000, -0.00015, 0.00000
0.89, 2, 1, 0.5738, -0.0274, -0.00088, 0.00000, -0.00015, 0.00000
0.90, 2, 1, 0.5764, -0.0253, -0.00088, 0.00000, -0.00015, 0.00000
0.00, 2, 2, 0.3010, -0.4780, -0.00030, 0.00048, -0.00008, 0.00012
0.01, 2, 2, 0.3035, -0.4730, -0.00030, 0.00047, -0.00008, 0.00012
0.02, 2, 2, 0.3061, -0.4680, -0.00031, 0.00046, -0.00008, 0.00012
0.03, 2, 2, 0.3086, -0.4630, -0.00031, 0.00045, -0.00008, 0.00012
0.04, 2, 2, 0.3111, -0.4580, -0.00032, 0.00045, -0.00008, 0.00012
0.05, 2, 2, 0.3137, -0.4530, -0.00032, 0.00044, -0.00008, 0.00012
0.06, 2, 2, 0.3162, -0.4481, -0.00033, 0.00043, -0.00008, 0.00012
0.07, 2, 2, 0.3187, -0.4432, -0.00033, 0.00042, -0.00008, 0.00012
0.08, 2, 2, 0.3213, -0.4383, -0.00034, 0.00042, -0.00008, 0.00011
0.09, 2, 2, 0.3238, -0.4334, -0.00035, 0.00041, -0.00008, 0.00011
0.10, 2, 2, 0.3263, -0.4286, -0.00035, 0.00040, -0.00008, 0.00011
0.11, 2, 2, 0.3289, -0.4237, -0.00036, 0.00039, -0.00009, 0.00011
0.12, 2, 2, 0.3314, -0.4189, -0.00036, 0.00039, -0.00009, 0.00011
0.13, 2, 2, 0.3339, -0.4141, -0.00037, 0.00038, -0.00009, 0.00011
0.14, 2, 2, 0.3365, -0.4093, -0.00037, 0.00037, -0.00009, 0.00011
0.15, 2, 2, 0.3390, -0.4045, -0.00038, 0.00037, -0.00009, 0.00011
0.16, 2, 2, 0.3415, -0.3998, -0.00039, 0.00036, -0.00009, 0.00011
0.17, 2, 2, 0.3441, -0.3950, -0.00039, 0.00035, -0.00009, 0.00011
0.18, 2, 2, 0.3466, -0.3903, -0.00040, 0.00035, -0.00009, 0.00010
0.19, 2, 2, 0.3491, -0.3856, -0.00040, 0.00034, -0.00009, 0.00010
0.20, 2, 2, 0.3517, -0.3809, -0.00041, 0.00034, -0.00009, 0.00010
0.21, 2, 2, 0.3542, -0.3762, -0.00042, 0.00033, -0.00009, 0.00010
0.22, 2, 2, 0.3567, -0.3716, -0.00042, 0.00032, -0.00009, 0.00010
0.23, 2, 2, 0.3593, -0.3669, -0.00043, 0.00032, -0.00009, 0.00010
0.24, 2, 2, 0.3618, -0.3623, -0.00043, 0.00031, -0.00009, 0.00010
0.25, 2, 2, 0.3643, -0.3577, -0.00044, 0.00031, -0.00009, 0.00010
0.26, 2, 2, 0.3669, -0.3531, -0.00045, 0.00030, -0.00010, 0.00010
0.27, 2, 2, 0.3694, -0.3485, -0.00045, 0.00030, -0.00010, 0.00010
0.28, 2, 2, 0.3719, -0.3440, -0.00046, 0.00029, -0.00010, 0.00009
0.29, 2, 2, 0.3745, -0.3395, -0.00046, 0.00029, -0.00010, 0.00009
0.30, 2, 2, 0.3770, -0.3350, -0.00047, 0.00028, -0.00010, 0.00009
0.31, 2, 2, 0.3795, -0.3305, -0.00048, 0.00028, -0.00010, 0.00009
0.32, 2, 2, 0.3821, -0.3260, -0.00048, 0.00027, -0.00010, 0.00009
0.33, 2, 2, 0.3846, -0.3216, -0.00049, 0.00027, -0.00010, 0.00009
0.34, 2, 2, 0.3871, -0.3172, -0.00049, 0.00026, -0.00010, 0.00009
0.35, 2, 2, 0.3897, -0.3128, -0.00050, 0.00026, -0.00010, 0.00009
0.36, 2, 2, 0.3922, -0.3084, -0.00051, 0.00025, -0.00010, 0.00009
0.37, 2, 2, 0.3947, -0.3041, -0.00051, 0.00025, -0.00010, 0.00008
0.38, 2, 2, 0.3973, -0.2998, -0.00052, 0.00024, -0.00010, 0.00008
0.39, 2, 2, 0.3998, -0.2955, -0.00053, 0.00024, -0.00010, 0.00008
0.40, 2, 2, 0.4023, -0.2912, -0.00053, 0.00023, -0.00010, 0.00008
0.41, 2, 2, 0.4049, -0.2870, -0.00054, 0.00023, -0.00010, 0.00008
0.42, 2, 2, 0.4074, -0.2828, -0.00054, 0.00022, -0.00011, 0.00008
0.43, 2, 2, 0.4099, -0.2786, -0.00055, 0.00022, -0.00011, 0.00008
0.44, 2, 2, 0.4125, -0.2745, -0.00056, 0.00021, -0.00011, 0.00008
0.45, 2, 2, 0.4150, -0.2703, -0.00056, 0.00021, -0.00011, 0.00008
0.46, 2, 2, 0.4175, -0.2662, -0.00057, 0.00020, -0.00011, 0.00007
0.47, 2, 2, 0.4201, -0.2622, -0.00058, 0.00020, -0.00011, 0.00007
0.48, 2, 2, 0.4226, -0.2581, -0.00058, 0.00019, -0.00011, 0.00007
0.49, 2, 2, 0.4251, -0.2541, -0.00059, 0.00019, -0.00011, 0.00007
0.50, 2, 2, 0.4277, -0.2501, -0.00059, 0.00018, -0.00011, 0.00007
0.51, 2, 2, 0.4302, -0.2462, -0.00060, 0.00018, -0.00011, 0.00007
0.52, 2, 2, 0.4327, -0.2423, -0.00061, 0.00017, -0.00011, 0.00007
0.53, 2, 2, 0.4353, -0.2384, -0.00061, 0.00017, -0.00011, 0.00007
0.54, 2, 2, 0.4378, -0.2345, -0.00062, 0.00016, -0.00011, 0.00007
0.55, 2, 2, 0.4403, -0.2307, -0.00062, 0.00016, -0.00011, 0.00007
0.56, 2, 2, 0.4429, -0.2269, -0.00063, 0.00015, -0.00011, 0.00006
0.57, 2, 2, 0.4454, -0.2231, -0.00064, 0.00015, -0.00011, 0.00006
0.58, 2, 2, 0.4479, -0.2193, -0.00064, 0.00014, -0.00011, 0.00006
0.59, 2, 2, 0.4505, -0.2156, -0.00065, 0.00014, -0.00011, 0.00006
0.60, 2, 2, 0.4530, -0.2119, -0.00066, 0.00013, -0.00012, 0.00006
0.61, 2, 2, 0.4555, -0.2082, -0.00066, 0.00013, -0.00012, 0.00006
0.62, 2, 2, 0.4581, -0.2046, -0.00067, 0.00012, -0.00012, 0.00006
0.63, 2, 2, 0.4606, -0.2010, -0.00068, 0.00012, -0.00012, 0.00006
0.64, 2, 2, 0.4631, -0.1974, -0.00068, 0.00011, -0.00012, 0.00006
0.65, 2, 2, 0.4657, -0.1938, -0.00069, 0.00011, -0.00012, 0.00005
0.66, 2, 2, 0.4682, -0.1902, -0.00069, 0.00010, -0.00012, 0.00005
0.67, 2, 2, 0.4707, -0.1867, -0.00070, 0.00010, -0.00012, 0.00005
0.68, 2, 2, 0.4733, -0.1832, -0.00071, 0.00009, -0.00012, 0.00005
0.69, 2, 2, 0.4758, -0.1797, -0.00071, 0.00009, -0.00012, 0.00005
0.70, 2, 2, 0.4783, -0.1763, -0.00072, 0.00008, -0.00012, 0.00005
0.71, 2, 2, 0.4809, -0.1729, -0.00072, 0.00008, -0.00012, 0.00005
0.72, 2, 2, 0.4834, -0.1695, -0.00073, 0.00007, -0.00012, 0.00005
0.73, 2, 2, 0.4859, -0.1661, -0.00074, 0.00007, -0.00012, 0.00005
0.74, 2, 2, 0.4885, -0.1628, -0.00074, 0.00006, -0.00013, 0.00005
0.75, 2, 2, 0.4910, -0.1595, -0.00075, 0.00006, -0.00013, 0.00005
0.76, 2, 2, 0.4935, -0.1563, -0.00076, 0.00005, -0.00013, 0.00005
0.77, 2, 2, 0.4961, -0.1530, -0.00076, 0.00005, -0.00013, 0.00005
0.78, 2, 2, 0.4986, -0.1498, -0.00077, 0.00004, -0.00013, 0.00004
0.79, 2, 2, 0.5011, -0.1466, -0.00078, 0.00004, -0.00013, 0.00004
0.80, 2, 2, 0.5037, -0.1435, -0.00078, 0.00003, -0.00013, 0.00004
0.81, 2, 2, 0.5062, -0.1404, -0.00079, 0.00003, -0.00013, 0.00004
0.82, 2, 2, 0.5087, -0.1373, -0.00080, 0.00002, -0.00013, 0.00004
0.83, 2, 2, 0.5113, -0.1342, -0.00080, 0.00002, -0.00013, 0.00004
0.84, 2, 2, 0.5138, -0.1312, -0.00081, 0.00001, -0.00013, 0.00004
0.85, 2, 2, 0.5163, -0.1282, -0.00082, 0.00001, -0.00013, 0.00003
0.86, 2, 2, 0.5189, -0.1252, -0.00082, 0.00000, -0.00013, 0.00003
0.87, 2, 2, 0.5214, -0.1223, -0.00083, 0.00000, -0.00013, 0.00003
0.88, 2, 2, 0.5240, -0.1194, -0.00084, 0.00000, -0.00013, 0.00003
0.89, 2, 2, 0.5265, -0.1165, -0.00084, 0.00000, -0.00014, 0.00003
0.90, 2, 2, 0.5290, -0.1136, -0.00085, 0.00000, -0.00014, 0.00003
0.00, 3, 0, 0.5994, -0.0927, -0.00060, 0.00010, -0.00016, 0.00002
0.00, 3, 0, 0.5994, -0.0927, -0.00060, 0.00014, -0.00015, 0.00003
0.01, 3, 0, 0.6015, -0.0927, -0.00061, 0.00014, -0.00015, 0.00003
0.02, 3, 0, 0.6037, -0.0926, -0.00061, 0.00014, -0.00015, 0.00003
0.03, 3, 0, 0.6058, -0.0926, -0.00062, 0.00014, -0.00015, 0.00003
0.04, 3, 0, 0.6080, -0.0926, -0.00063, 0.00013, -0.00016, 0.00003
0.05, 3, 0, 0.6101, -0.0925, -0.00064, 0.00013, -0.00016, 0.00003
0.06, 3, 0, 0.6123, -0.0925, -0.00065, 0.00013, -0.00016, 0.00003
0.07, 3, 0, 0.6144, -0.0924, -0.00066, 0.00013, -0.00016, 0.00003
0.08, 3, 0, 0.6166, -0.0924, -0.00067, 0.00013, -0.00016, 0.00003
0.09, 3, 0, 0.6187, -0.0924, -0.00068, 0.00013, -0.00016, 0.00003
0.10, 3, 0, 0.6208, -0.0924, -0.00069, 0.00013, -0.00017, 0.00003
0.11, 3, 0, 0.6230, -0.0923, -0.00070, 0.00013, -0.00017, 0.00003
0.12, 3, 0, 0.6251, -0.0923, -0.00071, 0.00013, -0.00017, 0.00003
0.13, 3, 0, 0.6272, -0.0922, -0.00072, 0.00012, -0.00017, 0.00003
0.14, 3, 0, 0.6294, -0.0922, -0.00073, 0.00012, -0.00017, 0.00003
0.15, 3, 0, 0.6315, -0.0922, -0.00074, 0.00012, -0.00017, 0.00003
0.16, 3, 0, 0.6336, -0.0921, -0.00075, 0.00012, -0.00018, 0.00003
0.17, 3, 0, 0.6358, -0.0921, -0.00076, 0.00012, -0.00018, 0.00003
0.18, 3, 0, 0.6379, -0.0920, -0.00077, 0.00012, -0.00018, 0.00003
0.19, 3, 0, 0.6400, -0.0920, -0.00078, 0.00012, -0.00018, 0.00003
0.20, 3, 0, 0.6421, -0.0920, -0.00079, 0.00012, -0.00018, 0.00003
0.21, 3, 0, 0.6443, -0.0919, -0.00080, 0.00012, -0.00019, 0.00003
0.22, 3, 0, 0.6464, -0.0919, -0.00081, 0.00011, -0.00019, 0.00003
0.23, 3, 0, 0.6485, -0.0918, -0.00082, 0.00011, -0.00019, 0.00003
0.24, 3, 0, 0.6507, -0.0918, -0.00083, 0.00011, -0.00019, 0.00003
0.25, 3, 0, 0.6528, -0.0917, -0.00084, 0.00011, -0.00019, 0.00003
0.26, 3, 0, 0.6549, -0.0917, -0.00085, 0.00011, -0.00020, 0.00003
0.27, 3, 0, 0.6570, -0.0916, -0.00086, 0.00011, -0.00020, 0.00003
0.28, 3, 0, 0.6592, -0.0915, -0.00087, 0.00011, -0.00020, 0.00003
0.29, 3, 0, 0.6613, -0.0915, -0.00088, 0.00011, -0.00020, 0.00003
0.30, 3, 0, 0.6634, -0.0914, -0.00089, 0.00010, -0.00020, 0.00003
0.31, 3, 0, 0.6655, -0.0914, -0.00090, 0.00010, -0.00021, 0.00003
0.32, 3, 0, 0.6677, -0.0913, -0.00091, 0.00010, -0.00021, 0.00003
0.33, 3, 0, 0.6698, -0.0913, -0.00092, 0.00010, -0.00021, 0.00003
0.34, 3, 0, 0.6719, -0.0912, -0.00093, 0.00010, -0.00021, 0.00003
0.35, 3, 0, 0.6740, -0.0911, -0.00094, 0.00010, -0.00021, 0.00003
0.36, 3, 0, 0.6762, -0.0911, -0.00095, 0.00010, -0.00022, 0.00003
0.37, 3, 0, 0.6783, -0.0910, -0.00096, 0.00010, -0.00022, 0.00003
0.38, 3, 0, 0.6804, -0.0909, -0.00097, 0.00009, -0.00022, 0.00003
0.39, 3, 0, 0.6825, -0.0909, -0.00098, 0.00009, -0.00022, 0.00003
0.40, 3, 0, 0.6847, -0.0908, -0.00099, 0.00009, -0.00022, 0.00003
0.41, 3, 0, 0.6868, -0.0907, -0.00100, 0.00009, -0.00023, 0.00003
0.42, 3, 0, 0.6889, -0.0906, -0.00101, 0.00009, -0.00023, 0.00003
0.43, 3, 0, 0.6910, -0.0906, -0.00102, 0.00009, -0.00023, 0.00003
0.44, 3, 0, 0.6932, -0.0905, -0.00103, 0.00009, -0.00023, 0.00003
0.45, 3, 0, 0.6953, -0.0904, -0.00104, 0.00009, -0.00023, 0.00003
0.46, 3, 0, 0.6974, -0.0903, -0.00105, 0.00008, -0.00024, 0.00002
0.47, 3, 0, 0.6995, -0.0902, -0.00106, 0.00008, -0.00024, 0.00002
0.48, 3, 0, 0.7017, -0.0901, -0.00107, 0.00008, -0.00024, 0.00002
0.49, 3, 0, 0.7038, -0.0900, -0.00108, 0.00008, -0.00024, 0.00002
0.50, 3, 0, 0.7059, -0.0899, -0.00109, 0.00008, -0.00024, 0.00002
0.51, 3, 0, 0.7081, -0.0898, -0.00110, 0.00008, -0.00025, 0.00002
0.52, 3, 0, 0.7102, -0.0897, -0.00111, 0.00008, -0.00025, 0.00002
0.53, 3, 0, 0.7123, -0.0895, -0.00112, 0.00007, -0.00025, 0.00002
0.54, 3, 0, 0.7144, -0.0894, -0.00113, 0.00007, -0.00025, 0.00002
0.55, 3, 0, 0.7166, -0.0893, -0.00114, 0.00007, -0.00025, 0.00002
0.56, 3, 0, 0.7187, -0.0892, -0.00115, 0.00007, -0.00026, 0.00002
0.57, 3, 0, 0.7208, -0.0890, -0.00116, 0.00007, -0.00026, 0.00002
0.58, 3, 0, 0.7229, -0.0889, -0.00117, 0.00007, -0.00026, 0.00002
0.59, 3, 0, 0.7251, -0.0887, -0.00117, 0.00007, -0.00026, 0.00002
0.60, 3, 0, 0.7272, -0.0886, -0.00118, 0.00007, -0.00026, 0.00002
0.61, 3, 0, 0.7293, -0.0884, -0.00119, 0.00006, -0.00027, 0.00002
0.62, 3, 0, 0.7314, -0.0882, -0.00120, 0.00006, -0.00027, 0.00002
0.63, 3, 0, 0.7336, -0.0881, -0.00121, 0.00006, -0.00027, 0.00002
0.64, 3, 0, 0.7357, -0.0879, -0.00122, 0.00006, -0.00027, 0.00002
0.65, 3, 0, 0.7378, -0.0877, -0.00123, 0.00006, -0.00027, 0.00002
0.66, 3, 0, 0.7399, -0.0875, -0.00124, 0.00006, -0.00028, 0.00002
0.67, 3, 0, 0.7421, -0.0873, -0.00125, 0.00006, -0.00028, 0.00002
0.68, 3, 0, 0.7442, -0.0871, -0.00126, 0.00005, -0.00028, 0.00002
0.69, 3, 0, 0.7463, -0.0869, -0.00127, 0.00005, -0.00028, 0.00002
0.70, 3, 0, 0.7484, -0.0867, -0.00128, 0.00005, -0.00028, 0.00002
0.71, 3, 0, 0.7506, -0.0864, -0.00129, 0.00005, -0.00029, 0.00002
0.72, 3, 0, 0.7527, -0.0862, -0.00130, 0.00005, -0.00029, 0.00001
0.73, 3, 0, 0.7548, -0.0859, -0.00131, 0.00005, -0.00029, 0.00001
0.74, 3, 0, 0.7569, -0.0857, -0.00132, 0.00005, -0.00029, 0.00001
0.75, 3, 0, 0.7591, -0.0854, -0.00133, 0.00004, -0.00029, 0.00001
0.76, 3, 0, 0.7612, -0.0851, -0.00134, 0.00004, -0.00030, 0.00001
0.77, 3, 0, 0.7633, -0.0848, -0.00135, 0.00004, -0.00030, 0.00001
0.78, 3, 0, 0.7654, -0.0845, -0.00136, 0.00004, -0.00030, 0.00001
0.79, 3, 0, 0.7676, -0.0842, -0.00137, 0.00004, -0.00030, 0.00001
0.80, 3, 0, 0.7697, -0.0839, -0.00138, 0.00004, -0.00030, 0.00001
0.81, 3, 0, 0.7718, -0.0836, -0.00139, 0.00003, -0.00030, 0.00001
0.82, 3, 0, 0.7739, -0.0833, -0.00140, 0.00003, -0.00030, 0.00001
0.83, 3, 0, 0.7761, -0.0829, -0.00140, 0.00003, -0.00030, 0.00001
0.84, 3, 0, 0.7782, -0.0826, -0.00141, 0.00003, -0.00030, 0.00001
0.85, 3, 0, 0.7803, -0.0822, -0.00142, 0.00003, -0.00030, 0.00001
0.86, 3, 0, 0.7824, -0.0818, -0.00143, 0.00003, -0.00030, 0.00001
0.87, 3, 0, 0.7846, -0.0814, -0.00144, 0.00003, -0.00030, 0.00001
0.88, 3, 0, 0.7867, -0.0810, -0.00145, 0.00002, -0.00030, 0.00000
0.89, 3, 0, 0.7888, -0.0806, -0.00146, 0.00002, -0.00030, 0.00000
0.90, 3, 0, 0.7909, -0.0802, -0.00147, 0.00002, -0.00030, 0.00000
0.00, 3, 1, 0.5826, -0.2813, -0.00045, 0.00012, -0.00009, 0.00002  
0.01, 3, 1, 0.5850, -0.2808, -0.00045, 0.00012, -0.00009, 0.00002  
0.02, 3, 1, 0.5874, -0.2804, -0.00046, 0.00012, -0.00009, 0.00002  
0.03, 3, 1, 0.5898, -0.2799, -0.00046, 0.00012, -0.00010, 0.00002  
0.04, 3, 1, 0.5922, -0.2794, -0.00047, 0.00012, -0.00010, 0.00002  
0.05, 3, 1, 0.5946, -0.2789, -0.00047, 0.00011, -0.00010, 0.00002  
0.06, 3, 1, 0.5970, -0.2784, -0.00048, 0.00011, -0.00010, 0.00002  
0.07, 3, 1, 0.5994, -0.2779, -0.00048, 0.00011, -0.00010, 0.00002  
0.08, 3, 1, 0.6018, -0.2774, -0.00049, 0.00011, -0.00010, 0.00002  
0.09, 3, 1, 0.6042, -0.2769, -0.00049, 0.00011, -0.00010, 0.00002  
0.10, 3, 1, 0.6066, -0.2764, -0.00050, 0.00011, -0.00011, 0.00002  
0.11, 3, 1, 0.6090, -0.2759, -0.00050, 0.00011, -0.00011, 0.00002  
0.12, 3, 1, 0.6114, -0.2755, -0.00051, 0.00010, -0.00011, 0.00002  
0.13, 3, 1, 0.6138, -0.2750, -0.00051, 0.00010, -0.00011, 0.00002  
0.14, 3, 1, 0.6162, -0.2745, -0.00052, 0.00010, -0.00011, 0.00002  
0.15, 3, 1, 0.6186, -0.2740, -0.00052, 0.00010, -0.00011, 0.00002  
0.16, 3, 1, 0.6210, -0.2735, -0.00053, 0.00010, -0.00012, 0.00002  
0.17, 3, 1, 0.6234, -0.2730, -0.00053, 0.00010, -0.00012, 0.00002  
0.18, 3, 1, 0.6258, -0.2725, -0.00054, 0.00010, -0.00012, 0.00002  
0.19, 3, 1, 0.6282, -0.2720, -0.00054, 0.00010, -0.00012, 0.00002  
0.20, 3, 1, 0.6306, -0.2716, -0.00055, 0.00009, -0.00012, 0.00002  
0.21, 3, 1, 0.6330, -0.2711, -0.00055, 0.00009, -0.00012, 0.00002  
0.22, 3, 1, 0.6354, -0.2706, -0.00056, 0.00009, -0.00013, 0.00002  
0.23, 3, 1, 0.6378, -0.2701, -0.00056, 0.00009, -0.00013, 0.00002  
0.24, 3, 1, 0.6402, -0.2696, -0.00057, 0.00009, -0.00013, 0.00002  
0.25, 3, 1, 0.6426, -0.2691, -0.00057, 0.00009, -0.00013, 0.00002  
0.26, 3, 1, 0.6450, -0.2686, -0.00058, 0.00009, -0.00013, 0.00002  
0.27, 3, 1, 0.6474, -0.2682, -0.00058, 0.00009, -0.00014, 0.00002  
0.28, 3, 1, 0.6498, -0.2677, -0.00059, 0.00009, -0.00014, 0.00002  
0.29, 3, 1, 0.6522, -0.2672, -0.00059, 0.00009, -0.00014, 0.00002  
0.30, 3, 1, 0.6546, -0.2667, -0.00060, 0.00008, -0.00014, 0.00002  
0.31, 3, 1, 0.6570, -0.2662, -0.00060, 0.00008, -0.00014, 0.00002  
0.32, 3, 1, 0.6594, -0.2657, -0.00061, 0.00008, -0.00015, 0.00002  
0.33, 3, 1, 0.6618, -0.2652, -0.00061, 0.00008, -0.00015, 0.00002  
0.34, 3, 1, 0.6642, -0.2648, -0.00062, 0.00008, -0.00015, 0.00002  
0.35, 3, 1, 0.6666, -0.2643, -0.00062, 0.00008, -0.00015, 0.00002  
0.36, 3, 1, 0.6690, -0.2638, -0.00063, 0.00008, -0.00015, 0.00002  
0.37, 3, 1, 0.6714, -0.2633, -0.00063, 0.00007, -0.00016, 0.00002  
0.38, 3, 1, 0.6738, -0.2628, -0.00064, 0.00007, -0.00016, 0.00002  
0.39, 3, 1, 0.6762, -0.2623, -0.00064, 0.00007, -0.00016, 0.00002  
0.40, 3, 1, 0.6786, -0.2618, -0.00065, 0.00007, -0.00016, 0.00002  
0.41, 3, 1, 0.6810, -0.2614, -0.00065, 0.00007, -0.00016, 0.00002  
0.42, 3, 1, 0.6834, -0.2609, -0.00066, 0.00007, -0.00017, 0.00002  
0.43, 3, 1, 0.6858, -0.2604, -0.00066, 0.00007, -0.00017, 0.00002  
0.44, 3, 1, 0.6882, -0.2599, -0.00067, 0.00007, -0.00017, 0.00002  
0.45, 3, 1, 0.6906, -0.2594, -0.00067, 0.00007, -0.00017, 0.00002  
0.46, 3, 1, 0.6930, -0.2589, -0.00068, 0.00006, -0.00017, 0.00002  
0.47, 3, 1, 0.6954, -0.2584, -0.00068, 0.00006, -0.00018, 0.00002  
0.48, 3, 1, 0.6978, -0.2580, -0.00069, 0.00006, -0.00018, 0.00002  
0.49, 3, 1, 0.7002, -0.2575, -0.00069, 0.00006, -0.00018, 0.00002  
0.50, 3, 1, 0.7026, -0.2570, -0.00070, 0.00006, -0.00018, 0.00002  
0.51, 3, 1, 0.7050, -0.2565, -0.00070, 0.00006, -0.00018, 0.00002  
0.52, 3, 1, 0.7074, -0.2560, -0.00071, 0.00006, -0.00019, 0.00002  
0.53, 3, 1, 0.7098, -0.2555, -0.00071, 0.00006, -0.00019, 0.00002  
0.54, 3, 1, 0.7122, -0.2550, -0.00072, 0.00005, -0.00019, 0.00002  
0.55, 3, 1, 0.7146, -0.2546, -0.00072, 0.00005, -0.00019, 0.00002  
0.56, 3, 1, 0.7170, -0.2541, -0.00073, 0.00005, -0.00019, 0.00002  
0.57, 3, 1, 0.7194, -0.2536, -0.00073, 0.00005, -0.00020, 0.00002  
0.58, 3, 1, 0.7218, -0.2531, -0.00074, 0.00005, -0.00020, 0.00002  
0.59, 3, 1, 0.7242, -0.2526, -0.00074, 0.00005, -0.00020, 0.00002  
0.60, 3, 1, 0.7266, -0.2521, -0.00075, 0.00005, -0.00020, 0.00002  
0.61, 3, 1, 0.7290, -0.2516, -0.00075, 0.00004, -0.00020, 0.00001  
0.62, 3, 1, 0.7314, -0.2512, -0.00076, 0.00004, -0.00021, 0.00001  
0.63, 3, 1, 0.7338, -0.2507, -0.00076, 0.00004, -0.00021, 0.00001  
0.64, 3, 1, 0.7362, -0.2502, -0.00077, 0.00004, -0.00021, 0.00001  
0.65, 3, 1, 0.7386, -0.2497, -0.00077, 0.00004, -0.00021, 0.00001  
0.66, 3, 1, 0.7410, -0.2492, -0.00078, 0.00004, -0.00021, 0.00001  
0.67, 3, 1, 0.7434, -0.2487, -0.00078, 0.00004, -0.00022, 0.00001  
0.68, 3, 1, 0.7458, -0.2482, -0.00079, 0.00003, -0.00022, 0.00001  
0.69, 3, 1, 0.7482, -0.2478, -0.00079, 0.00003, -0.00022, 0.00001  
0.70, 3, 1, 0.7506, -0.2473, -0.00080, 0.00003, -0.00022, 0.00001  
0.71, 3, 1, 0.7530, -0.2468, -0.00080, 0.00003, -0.00022, 0.00001  
0.72, 3, 1, 0.7554, -0.2463, -0.00081, 0.00003, -0.00023, 0.00001  
0.73, 3, 1, 0.7578, -0.2458, -0.00081, 0.00003, -0.00023, 0.00001  
0.74, 3, 1, 0.7602, -0.2453, -0.00082, 0.00003, -0.00023, 0.00001  
0.75, 3, 1, 0.7626, -0.2448, -0.00082, 0.00003, -0.00023, 0.00001  
0.76, 3, 1, 0.7650, -0.2444, -0.00083, 0.00002, -0.00023, 0.00001  
0.77, 3, 1, 0.7674, -0.2439, -0.00083, 0.00002, -0.00024, 0.00001  
0.78, 3, 1, 0.7698, -0.2434, -0.00084, 0.00002, -0.00024, 0.00001  
0.79, 3, 1, 0.7722, -0.2429, -0.00084, 0.00002, -0.00024, 0.00001  
0.80, 3, 1, 0.7746, -0.2424, -0.00085, 0.00002, -0.00024, 0.00001  
0.81, 3, 1, 0.7770, -0.2419, -0.00085, 0.00002, -0.00025, 0.00001  
0.82, 3, 1, 0.7794, -0.2414, -0.00086, 0.00002, -0.00025, 0.00001  
0.83, 3, 1, 0.7818, -0.2410, -0.00086, 0.00002, -0.00025, 0.00001  
0.84, 3, 1, 0.7842, -0.2405, -0.00087, 0.00002, -0.00025, 0.00000  
0.85, 3, 1, 0.7866, -0.2400, -0.00087, 0.00002, -0.00025, 0.00000  
0.86, 3, 1, 0.7890, -0.2395, -0.00088, 0.00002, -0.00026, 0.00000  
0.87, 3, 1, 0.7914, -0.2390, -0.00088, 0.00002, -0.00026, 0.00000  
0.88, 3, 1, 0.7938, -0.2385, -0.00089, 0.00001, -0.00026, 0.00000  
0.89, 3, 1, 0.7962, -0.2380, -0.00089, 0.00001, -0.00026, 0.00000  
0.90, 3, 1, 0.7986, -0.2376, -0.00090, 0.00001, -0.00026, 0.00000  
0.00, 3, 2, 0.5517, -0.4791, -0.00050, 0.00010, -0.00010, 0.00002  
0.01, 3, 2, 0.5548, -0.4783, -0.00051, 0.00010, -0.00010, 0.00002  
0.02, 3, 2, 0.5579, -0.4776, -0.00051, 0.00010, -0.00010, 0.00002  
0.03, 3, 2, 0.5610, -0.4768, -0.00052, 0.00010, -0.00010, 0.00002  
0.04, 3, 2, 0.5641, -0.4760, -0.00052, 0.00010, -0.00011, 0.00002  
0.05, 3, 2, 0.5672, -0.4753, -0.00053, 0.00009, -0.00011, 0.00002  
0.06, 3, 2, 0.5703, -0.4745, -0.00053, 0.00009, -0.00011, 0.00002  
0.07, 3, 2, 0.5734, -0.4737, -0.00054, 0.00009, -0.00011, 0.00002  
0.08, 3, 2, 0.5765, -0.4730, -0.00054, 0.00009, -0.00011, 0.00002  
0.09, 3, 2, 0.5796, -0.4722, -0.00055, 0.00009, -0.00011, 0.00002  
0.10, 3, 2, 0.5827, -0.4714, -0.00055, 0.00009, -0.00011, 0.00002  
0.11, 3, 2, 0.5858, -0.4707, -0.00056, 0.00009, -0.00012, 0.00002  
0.12, 3, 2, 0.5889, -0.4699, -0.00056, 0.00009, -0.00012, 0.00002  
0.13, 3, 2, 0.5920, -0.4691, -0.00057, 0.00008, -0.00012, 0.00002  
0.14, 3, 2, 0.5951, -0.4684, -0.00057, 0.00008, -0.00012, 0.00002  
0.15, 3, 2, 0.5982, -0.4676, -0.00058, 0.00008, -0.00012, 0.00002  
0.16, 3, 2, 0.6013, -0.4668, -0.00058, 0.00008, -0.00012, 0.00002  
0.17, 3, 2, 0.6044, -0.4661, -0.00059, 0.00008, -0.00013, 0.00002  
0.18, 3, 2, 0.6075, -0.4653, -0.00059, 0.00008, -0.00013, 0.00002  
0.19, 3, 2, 0.6106, -0.4645, -0.00060, 0.00008, -0.00013, 0.00002  
0.20, 3, 2, 0.6137, -0.4638, -0.00060, 0.00008, -0.00013, 0.00002  
0.21, 3, 2, 0.6168, -0.4630, -0.00061, 0.00007, -0.00013, 0.00002  
0.22, 3, 2, 0.6199, -0.4622, -0.00061, 0.00007, -0.00013, 0.00002  
0.23, 3, 2, 0.6230, -0.4615, -0.00062, 0.00007, -0.00014, 0.00002  
0.24, 3, 2, 0.6261, -0.4607, -0.00062, 0.00007, -0.00014, 0.00002  
0.25, 3, 2, 0.6292, -0.4599, -0.00063, 0.00007, -0.00014, 0.00002  
0.26, 3, 2, 0.6323, -0.4592, -0.00063, 0.00007, -0.00014, 0.00002  
0.27, 3, 2, 0.6354, -0.4584, -0.00064, 0.00007, -0.00014, 0.00002  
0.28, 3, 2, 0.6385, -0.4576, -0.00064, 0.00006, -0.00015, 0.00002  
0.29, 3, 2, 0.6416, -0.4569, -0.00065, 0.00006, -0.00015, 0.00002  
0.30, 3, 2, 0.6447, -0.4561, -0.00065, 0.00006, -0.00015, 0.00002  
0.31, 3, 2, 0.6478, -0.4553, -0.00066, 0.00006, -0.00015, 0.00002  
0.32, 3, 2, 0.6509, -0.4546, -0.00066, 0.00006, -0.00015, 0.00002  
0.33, 3, 2, 0.6540, -0.4538, -0.00067, 0.00006, -0.00015, 0.00002  
0.34, 3, 2, 0.6571, -0.4530, -0.00067, 0.00006, -0.00016, 0.00002  
0.35, 3, 2, 0.6602, -0.4523, -0.00068, 0.00005, -0.00016, 0.00002  
0.36, 3, 2, 0.6633, -0.4515, -0.00068, 0.00005, -0.00016, 0.00002  
0.37, 3, 2, 0.6664, -0.4507, -0.00069, 0.00005, -0.00016, 0.00002  
0.38, 3, 2, 0.6695, -0.4500, -0.00069, 0.00005, -0.00016, 0.00002  
0.39, 3, 2, 0.6726, -0.4492, -0.00070, 0.00005, -0.00017, 0.00002  
0.40, 3, 2, 0.6757, -0.4484, -0.00070, 0.00005, -0.00017, 0.00002  
0.41, 3, 2, 0.6788, -0.4477, -0.00071, 0.00005, -0.00017, 0.00002  
0.42, 3, 2, 0.6819, -0.4469, -0.00071, 0.00004, -0.00017, 0.00002  
0.43, 3, 2, 0.6850, -0.4461, -0.00072, 0.00004, -0.00017, 0.00002  
0.44, 3, 2, 0.6881, -0.4454, -0.00072, 0.00004, -0.00018, 0.00002  
0.45, 3, 2, 0.6912, -0.4446, -0.00073, 0.00004, -0.00018, 0.00002  
0.46, 3, 2, 0.6943, -0.4438, -0.00073, 0.00004, -0.00018, 0.00002  
0.47, 3, 2, 0.6974, -0.4431, -0.00074, 0.00004, -0.00018, 0.00002  
0.48, 3, 2, 0.7005, -0.4423, -0.00074, 0.00004, -0.00018, 0.00002  
0.49, 3, 2, 0.7036, -0.4415, -0.00075, 0.00003, -0.00019, 0.00002  
0.50, 3, 2, 0.7067, -0.4408, -0.00075, 0.00003, -0.00019, 0.00002  
0.51, 3, 2, 0.7098, -0.4400, -0.00076, 0.00003, -0.00019, 0.00002  
0.52, 3, 2, 0.7129, -0.4392, -0.00076, 0.00003, -0.00019, 0.00002  
0.53, 3, 2, 0.7160, -0.4385, -0.00077, 0.00003, -0.00019, 0.00002  
0.54, 3, 2, 0.7191, -0.4377, -0.00077, 0.00003, -0.00020, 0.00002  
0.55, 3, 2, 0.7222, -0.4369, -0.00078, 0.00003, -0.00020, 0.00002  
0.56, 3, 2, 0.7253, -0.4362, -0.00078, 0.00003, -0.00020, 0.00002  
0.57, 3, 2, 0.7284, -0.4354, -0.00079, 0.00002, -0.00020, 0.00002  
0.58, 3, 2, 0.7315, -0.4346, -0.00079, 0.00002, -0.00020, 0.00002  
0.59, 3, 2, 0.7346, -0.4339, -0.00080, 0.00002, -0.00021, 0.00002  
0.60, 3, 2, 0.7377, -0.4331, -0.00080, 0.00002, -0.00021, 0.00002  
0.61, 3, 2, 0.7408, -0.4323, -0.00081, 0.00002, -0.00021, 0.00002  
0.62, 3, 2, 0.7439, -0.4316, -0.00081, 0.00002, -0.00021, 0.00002  
0.63, 3, 2, 0.7470, -0.4308, -0.00082, 0.00002, -0.00021, 0.00002  
0.64, 3, 2, 0.7501, -0.4300, -0.00082, 0.00002, -0.00022, 0.00002  
0.65, 3, 2, 0.7532, -0.4293, -0.00083, 0.00001, -0.00022, 0.00002  
0.66, 3, 2, 0.7563, -0.4285, -0.00083, 0.00001, -0.00022, 0.00002  
0.67, 3, 2, 0.7594, -0.4277, -0.00084, 0.00001, -0.00022, 0.00002  
0.68, 3, 2, 0.7625, -0.4270, -0.00084, 0.00001, -0.00022, 0.00002  
0.69, 3, 2, 0.7656, -0.4262, -0.00085, 0.00001, -0.00023, 0.00002  
0.70, 3, 2, 0.7687, -0.4254, -0.00085, 0.00001, -0.00023, 0.00002  
0.71, 3, 2, 0.7718, -0.4247, -0.00086, 0.00001, -0.00023, 0.00002  
0.72, 3, 2, 0.7749, -0.4239, -0.00086, 0.00001, -0.00023, 0.00002  
0.73, 3, 2, 0.7780, -0.4231, -0.00087, 0.00001, -0.00023, 0.00002  
0.74, 3, 2, 0.7811, -0.4224, -0.00087, 0.00001, -0.00023, 0.00002  
0.75, 3, 2, 0.7842, -0.4216, -0.00088, 0.00000, -0.00024, 0.00002  
0.76, 3, 2, 0.7873, -0.4208, -0.00088, 0.00000, -0.00024, 0.00002  
0.77, 3, 2, 0.7904, -0.4201, -0.00089, 0.00000, -0.00024, 0.00002  
0.78, 3, 2, 0.7935, -0.4193, -0.00089, 0.00000, -0.00024, 0.00002  
0.79, 3, 2, 0.7966, -0.4185, -0.00090, 0.00000, -0.00025, 0.00002  
0.80, 3, 2, 0.7997, -0.4178, -0.00090, 0.00000, -0.00025, 0.00002  
0.81, 3, 2, 0.8028, -0.4170, -0.00091, 0.00000, -0.00025, 0.00002  
0.82, 3, 2, 0.8059, -0.4162, -0.00091, 0.00000, -0.00025, 0.00002  
0.83, 3, 2, 0.8090, -0.4155, -0.00092, 0.00000, -0.00026, 0.00002  
0.84, 3, 2, 0.8121, -0.4147, -0.00092, 0.00000, -0.00026, 0.00002  
0.85, 3, 2, 0.8152, -0.4139, -0.00093, 0.00000, -0.00026, 0.00002  
0.86, 3, 2, 0.8183, -0.4132, -0.00093, 0.00000, -0.00026, 0.00002  
0.87, 3, 2, 0.8214, -0.4124, -0.00094, 0.00000, -0.00027, 0.00002  
0.88, 3, 2, 0.8245, -0.4116, -0.00094, 0.00000, -0.00027, 0.00002  
0.89, 3, 2, 0.8276, -0.4109, -0.00095, 0.00000, -0.00027, 0.00002  
0.90, 3, 2, 0.8307, -0.4101, -0.00095, 0.00000, -0.00027, 0.00002  
0.00, 4, 0, 0.8092, -0.0942, -0.00040, 0.00010, -0.00010, 0.00002  
0.01, 4, 0, 0.8235, -0.0938, -0.00041, 0.00010, -0.00010, 0.00002  
0.02, 4, 0, 0.8378, -0.0934, -0.00042, 0.00010, -0.00010, 0.00002  
0.03, 4, 0, 0.8521, -0.0930, -0.00043, 0.00010, -0.00010, 0.00002  
0.04, 4, 0, 0.8664, -0.0926, -0.00044, 0.00010, -0.00010, 0.00002  
0.05, 4, 0, 0.8807, -0.0921, -0.00044, 0.00011, -0.00011, 0.00002  
0.06, 4, 0, 0.8950, -0.0917, -0.00045, 0.00011, -0.00011, 0.00002  
0.07, 4, 0, 0.9094, -0.0913, -0.00046, 0.00011, -0.00011, 0.00002  
0.08, 4, 0, 0.9237, -0.0909, -0.00047, 0.00011, -0.00011, 0.00002  
0.09, 4, 0, 0.9380, -0.0905, -0.00048, 0.00011, -0.00011, 0.00002  
0.10, 4, 0, 0.9523, -0.0901, -0.00049, 0.00011, -0.00011, 0.00002  
0.11, 4, 0, 0.9666, -0.0897, -0.00050, 0.00011, -0.00012, 0.00002  
0.12, 4, 0, 0.9809, -0.0893, -0.00050, 0.00011, -0.00012, 0.00002  
0.13, 4, 0, 0.9952, -0.0889, -0.00051, 0.00012, -0.00012, 0.00002  
0.14, 4, 0, 1.0096, -0.0885, -0.00052, 0.00012, -0.00012, 0.00002  
0.15, 4, 0, 1.0239, -0.0881, -0.00053, 0.00012, -0.00012, 0.00002  
0.16, 4, 0, 1.0382, -0.0877, -0.00054, 0.00012, -0.00013, 0.00002  
0.17, 4, 0, 1.0525, -0.0873, -0.00055, 0.00012, -0.00013, 0.00002  
0.18, 4, 0, 1.0668, -0.0869, -0.00056, 0.00012, -0.00013, 0.00002  
0.19, 4, 0, 1.0811, -0.0865, -0.00057, 0.00012, -0.00013, 0.00002  
0.20, 4, 0, 1.0954, -0.0861, -0.00058, 0.00012, -0.00013, 0.00002  
0.21, 4, 0, 1.1098, -0.0857, -0.00059, 0.00012, -0.00014, 0.00002  
0.22, 4, 0, 1.1241, -0.0853, -0.00060, 0.00013, -0.00014, 0.00002  
0.23, 4, 0, 1.1384, -0.0849, -0.00060, 0.00013, -0.00014, 0.00002  
0.24, 4, 0, 1.1527, -0.0845, -0.00061, 0.00013, -0.00014, 0.00001  
0.25, 4, 0, 1.1670, -0.0841, -0.00062, 0.00013, -0.00014, 0.00001  
0.26, 4, 0, 1.1813, -0.0837, -0.00063, 0.00013, -0.00015, 0.00001  
0.27, 4, 0, 1.1956, -0.0833, -0.00064, 0.00013, -0.00015, 0.00001  
0.28, 4, 0, 1.2100, -0.0829, -0.00065, 0.00013, -0.00015, 0.00001  
0.29, 4, 0, 1.2243, -0.0825, -0.00066, 0.00013, -0.00015, 0.00001  
0.30, 4, 0, 1.2386, -0.0821, -0.00067, 0.00013, -0.00015, 0.00001  
0.31, 4, 0, 1.2529, -0.0817, -0.00068, 0.00013, -0.00015, 0.00001  
0.32, 4, 0, 1.2672, -0.0813, -0.00068, 0.00014, -0.00015, 0.00001  
0.33, 4, 0, 1.2815, -0.0809, -0.00069, 0.00014, -0.00016, 0.00001  
0.34, 4, 0, 1.2958, -0.0805, -0.00070, 0.00014, -0.00016, 0.00001  
0.35, 4, 0, 1.3102, -0.0801, -0.00071, 0.00014, -0.00016, 0.00001  
0.36, 4, 0, 1.3245, -0.0797, -0.00072, 0.00014, -0.00016, 0.00001  
0.37, 4, 0, 1.3388, -0.0793, -0.00073, 0.00014, -0.00016, 0.00001  
0.38, 4, 0, 1.3531, -0.0789, -0.00074, 0.00014, -0.00016, 0.00001  
0.39, 4, 0, 1.3674, -0.0785, -0.00075, 0.00014, -0.00017, 0.00001  
0.40, 4, 0, 1.3817, -0.0781, -0.00076, 0.00014, -0.00017, 0.00001  
0.41, 4, 0, 1.3961, -0.0777, -0.00076, 0.00015, -0.00017, 0.00001  
0.42, 4, 0, 1.4104, -0.0773, -0.00077, 0.00015, -0.00017, 0.00001  
0.43, 4, 0, 1.4247, -0.0769, -0.00078, 0.00015, -0.00017, 0.00001  
0.44, 4, 0, 1.4390, -0.0765, -0.00079, 0.00015, -0.00017, 0.00001  
0.45, 4, 0, 1.4533, -0.0761, -0.00080, 0.00015, -0.00018, 0.00001  
0.46, 4, 0, 1.4676, -0.0757, -0.00081, 0.00015, -0.00018, 0.00001  
0.47, 4, 0, 1.4819, -0.0753, -0.00082, 0.00015, -0.00018, 0.00001  
0.48, 4, 0, 1.4963, -0.0749, -0.00083, 0.00015, -0.00018, 0.00001  
0.49, 4, 0, 1.5106, -0.0745, -0.00084, 0.00015, -0.00018, 0.00001  
0.50, 4, 0, 1.5249, -0.0741, -0.00084, 0.00016, -0.00018, 0.00001  
0.51, 4, 0, 1.5392, -0.0737, -0.00085, 0.00016, -0.00018, 0.00001  
0.52, 4, 0, 1.5535, -0.0733, -0.00086, 0.00016, -0.00019, 0.00001  
0.53, 4, 0, 1.5678, -0.0729, -0.00087, 0.00016, -0.00019, 0.00001  
0.54, 4, 0, 1.5821, -0.0725, -0.00088, 0.00016, -0.00019, 0.00001  
0.55, 4, 0, 1.5964, -0.0721, -0.00089, 0.00016, -0.00019, 0.00001  
0.56, 4, 0, 1.6108, -0.0717, -0.00090, 0.00016, -0.00019, 0.00001  
0.57, 4, 0, 1.6251, -0.0713, -0.00091, 0.00016, -0.00020, 0.00001  
0.58, 4, 0, 1.6394, -0.0709, -0.00092, 0.00016, -0.00020, 0.00001  
0.59, 4, 0, 1.6537, -0.0705, -0.00092, 0.00017, -0.00020, 0.00001  
0.60, 4, 0, 1.6680, -0.0701, -0.00093, 0.00017, -0.00020, 0.00001  
0.61, 4, 0, 1.6823, -0.0697, -0.00094, 0.00017, -0.00020, 0.00001  
0.62, 4, 0, 1.6967, -0.0693, -0.00095, 0.00017, -0.00020, 0.00001  
0.63, 4, 0, 1.7110, -0.0689, -0.00096, 0.00017, -0.00020, 0.00001  
0.64, 4, 0, 1.7253, -0.0685, -0.00097, 0.00017, -0.00021, 0.00001  
0.65, 4, 0, 1.7396, -0.0681, -0.00098, 0.00017, -0.00021, 0.00001  
0.66, 4, 0, 1.7539, -0.0677, -0.00099, 0.00017, -0.00021, 0.00001  
0.67, 4, 0, 1.7682, -0.0673, -0.00100, 0.00017, -0.00021, 0.00001  
0.68, 4, 0, 1.7826, -0.0669, -0.00100, 0.00018, -0.00021, 0.00000  
0.69, 4, 0, 1.7969, -0.0665, -0.00101, 0.00018, -0.00022, 0.00000  
0.70, 4, 0, 1.8112, -0.0661, -0.00102, 0.00018, -0.00022, 0.00000  
0.71, 4, 0, 1.8255, -0.0657, -0.00103, 0.00018, -0.00022, 0.00000  
0.72, 4, 0, 1.8398, -0.0653, -0.00104, 0.00018, -0.00022, 0.00000  
0.73, 4, 0, 1.8541, -0.0649, -0.00105, 0.00018, -0.00022, 0.00000  
0.74, 4, 0, 1.8684, -0.0645, -0.00106, 0.00018, -0.00022, 0.00000  
0.75, 4, 0, 1.8828, -0.0641, -0.00107, 0.00018, -0.00022, 0.00000  
0.76, 4, 0, 1.8971, -0.0637, -0.00108, 0.00018, -0.00023, 0.00000  
0.77, 4, 0, 1.9114, -0.0633, -0.00108, 0.00019, -0.00023, 0.00000  
0.78, 4, 0, 1.9257, -0.0629, -0.00109, 0.00019, -0.00023, 0.00000  
0.79, 4, 0, 1.9400, -0.0625, -0.00110, 0.00019, -0.00023, 0.00000  
0.80, 4, 0, 1.9543, -0.0621, -0.00111, 0.00019, -0.00023, 0.00000  
0.81, 4, 0, 1.9686, -0.0617, -0.00112, 0.00019, -0.00024, 0.00000  
0.82, 4, 0, 1.9830, -0.0613, -0.00113, 0.00019, -0.00024, 0.00000  
0.83, 4, 0, 1.9973, -0.0609, -0.00114, 0.00019, -0.00024, 0.00000  
0.84, 4, 0, 2.0116, -0.0605, -0.00115, 0.00019, -0.00024, 0.00000  
0.85, 4, 0, 2.0259, -0.0601, -0.00116, 0.00019, -0.00024, 0.00000  
0.86, 4, 0, 2.0402, -0.0597, -0.00116, 0.00020, -0.00024, 0.00000  
0.87, 4, 0, 2.0545, -0.0593, -0.00117, 0.00020, -0.00025, 0.00000  
0.88, 4, 0, 2.0688, -0.0589, -0.00118, 0.00020, -0.00025, 0.00000  
0.89, 4, 0, 2.0832, -0.0585, -0.00119, 0.00020, -0.00025, 0.00000  
0.90, 4, 0, 2.0975, -0.0581, -0.00120, 0.00020, -0.00025, 0.00000  
0.00, 4, 1, 0.7967, -0.2845, -0.00040, 0.00010, -0.00010, 0.00002  
0.01, 4, 1, 0.8108, -0.2833, -0.00041, 0.00010, -0.00010, 0.00002  
0.02, 4, 1, 0.8249, -0.2820, -0.00042, 0.00010, -0.00010, 0.00002  
0.03, 4, 1, 0.8390, -0.2808, -0.00044, 0.00010, -0.00011, 0.00002  
0.04, 4, 1, 0.8531, -0.2796, -0.00045, 0.00010, -0.00011, 0.00002  
0.05, 4, 1, 0.8672, -0.2784, -0.00046, 0.00010, -0.00011, 0.00002  
0.06, 4, 1, 0.8813, -0.2772, -0.00047, 0.00010, -0.00011, 0.00002  
0.07, 4, 1, 0.8954, -0.2760, -0.00049, 0.00010, -0.00012, 0.00002  
0.08, 4, 1, 0.9095, -0.2748, -0.00050, 0.00010, -0.00012, 0.00002  
0.09, 4, 1, 0.9236, -0.2736, -0.00051, 0.00010, -0.00012, 0.00002  
0.10, 4, 1, 0.9377, -0.2724, -0.00052, 0.00009, -0.00012, 0.00002  
0.11, 4, 1, 0.9518, -0.2712, -0.00053, 0.00009, -0.00012, 0.00002  
0.12, 4, 1, 0.9659, -0.2700, -0.00055, 0.00009, -0.00013, 0.00002  
0.13, 4, 1, 0.9800, -0.2688, -0.00056, 0.00009, -0.00013, 0.00002  
0.14, 4, 1, 0.9941, -0.2676, -0.00057, 0.00009, -0.00013, 0.00002  
0.15, 4, 1, 1.0082, -0.2664, -0.00058, 0.00009, -0.00013, 0.00002  
0.16, 4, 1, 1.0223, -0.2652, -0.00060, 0.00009, -0.00014, 0.00002  
0.17, 4, 1, 1.0364, -0.2640, -0.00061, 0.00009, -0.00014, 0.00002  
0.18, 4, 1, 1.0505, -0.2628, -0.00062, 0.00009, -0.00014, 0.00002  
0.19, 4, 1, 1.0646, -0.2616, -0.00063, 0.00009, -0.00014, 0.00002  
0.20, 4, 1, 1.0787, -0.2604, -0.00064, 0.00009, -0.00014, 0.00002  
0.21, 4, 1, 1.0928, -0.2592, -0.00066, 0.00009, -0.00015, 0.00002  
0.22, 4, 1, 1.1069, -0.2580, -0.00067, 0.00009, -0.00015, 0.00002  
0.23, 4, 1, 1.1210, -0.2568, -0.00068, 0.00009, -0.00015, 0.00001  
0.24, 4, 1, 1.1351, -0.2556, -0.00069, 0.00009, -0.00015, 0.00001  
0.25, 4, 1, 1.1492, -0.2544, -0.00071, 0.00009, -0.00016, 0.00001  
0.26, 4, 1, 1.1633, -0.2532, -0.00072, 0.00009, -0.00016, 0.00001  
0.27, 4, 1, 1.1774, -0.2520, -0.00073, 0.00009, -0.00016, 0.00001  
0.28, 4, 1, 1.1915, -0.2508, -0.00074, 0.00008, -0.00016, 0.00001  
0.29, 4, 1, 1.2056, -0.2496, -0.00075, 0.00008, -0.00016, 0.00001  
0.30, 4, 1, 1.2197, -0.2484, -0.00077, 0.00008, -0.00017, 0.00001  
0.31, 4, 1, 1.2338, -0.2472, -0.00078, 0.00008, -0.00017, 0.00001  
0.32, 4, 1, 1.2479, -0.2460, -0.00079, 0.00008, -0.00017, 0.00001  
0.33, 4, 1, 1.2620, -0.2448, -0.00080, 0.00008, -0.00017, 0.00001  
0.34, 4, 1, 1.2761, -0.2436, -0.00082, 0.00008, -0.00018, 0.00001  
0.35, 4, 1, 1.2902, -0.2424, -0.00083, 0.00008, -0.00018, 0.00001  
0.36, 4, 1, 1.3043, -0.2412, -0.00084, 0.00008, -0.00018, 0.00001  
0.37, 4, 1, 1.3184, -0.2400, -0.00085, 0.00008, -0.00018, 0.00001  
0.38, 4, 1, 1.3325, -0.2388, -0.00086, 0.00008, -0.00018, 0.00001  
0.39, 4, 1, 1.3466, -0.2376, -0.00088, 0.00008, -0.00019, 0.00001  
0.40, 4, 1, 1.3607, -0.2364, -0.00089, 0.00008, -0.00019, 0.00001  
0.41, 4, 1, 1.3748, -0.2352, -0.00090, 0.00008, -0.00019, 0.00001  
0.42, 4, 1, 1.3889, -0.2340, -0.00091, 0.00008, -0.00019, 0.00001  
0.43, 4, 1, 1.4030, -0.2328, -0.00093, 0.00008, -0.00020, 0.00001  
0.44, 4, 1, 1.4171, -0.2316, -0.00094, 0.00008, -0.00020, 0.00001  
0.45, 4, 1, 1.4312, -0.2304, -0.00095, 0.00008, -0.00020, 0.00001  
0.46, 4, 1, 1.4453, -0.2292, -0.00096, 0.00007, -0.00020, 0.00001  
0.47, 4, 1, 1.4594, -0.2280, -0.00097, 0.00007, -0.00020, 0.00001  
0.48, 4, 1, 1.4735, -0.2268, -0.00099, 0.00007, -0.00021, 0.00001  
0.49, 4, 1, 1.4876, -0.2256, -0.00100, 0.00007, -0.00021, 0.00001  
0.50, 4, 1, 1.5017, -0.2244, -0.00101, 0.00007, -0.00021, 0.00001  
0.51, 4, 1, 1.5158, -0.2232, -0.00102, 0.00007, -0.00021, 0.00001  
0.52, 4, 1, 1.5299, -0.2220, -0.00104, 0.00007, -0.00022, 0.00001  
0.53, 4, 1, 1.5440, -0.2208, -0.00105, 0.00007, -0.00022, 0.00001  
0.54, 4, 1, 1.5581, -0.2196, -0.00106, 0.00007, -0.00022, 0.00001  
0.55, 4, 1, 1.5722, -0.2184, -0.00107, 0.00007, -0.00022, 0.00001  
0.56, 4, 1, 1.5863, -0.2172, -0.00108, 0.00007, -0.00022, 0.00001  
0.57, 4, 1, 1.6004, -0.2160, -0.00110, 0.00007, -0.00023, 0.00001  
0.58, 4, 1, 1.6145, -0.2148, -0.00111, 0.00007, -0.00023, 0.00001  
0.59, 4, 1, 1.6286, -0.2136, -0.00112, 0.00007, -0.00023, 0.00001  
0.60, 4, 1, 1.6427, -0.2124, -0.00113, 0.00007, -0.00023, 0.00001  
0.61, 4, 1, 1.6568, -0.2112, -0.00115, 0.00007, -0.00024, 0.00001  
0.62, 4, 1, 1.6709, -0.2100, -0.00116, 0.00007, -0.00024, 0.00001  
0.63, 4, 1, 1.6850, -0.2088, -0.00117, 0.00007, -0.00024, 0.00001  
0.64, 4, 1, 1.6991, -0.2076, -0.00118, 0.00006, -0.00024, 0.00001  
0.65, 4, 1, 1.7132, -0.2064, -0.00119, 0.00006, -0.00024, 0.00001  
0.66, 4, 1, 1.7273, -0.2052, -0.00121, 0.00006, -0.00025, 0.00001  
0.67, 4, 1, 1.7414, -0.2040, -0.00122, 0.00006, -0.00025, 0.00001  
0.68, 4, 1, 1.7555, -0.2028, -0.00123, 0.00006, -0.00025, 0.00001  
0.69, 4, 1, 1.7696, -0.2016, -0.00124, 0.00006, -0.00025, 0.00000  
0.70, 4, 1, 1.7837, -0.2004, -0.00126, 0.00006, -0.00026, 0.00000  
0.71, 4, 1, 1.7978, -0.1992, -0.00127, 0.00006, -0.00026, 0.00000  
0.72, 4, 1, 1.8119, -0.1980, -0.00128, 0.00006, -0.00026, 0.00000  
0.73, 4, 1, 1.8260, -0.1968, -0.00129, 0.00006, -0.00026, 0.00000  
0.74, 4, 1, 1.8401, -0.1956, -0.00130, 0.00006, -0.00026, 0.00000  
0.75, 4, 1, 1.8542, -0.1944, -0.00132, 0.00006, -0.00027, 0.00000  
0.76, 4, 1, 1.8683, -0.1932, -0.00133, 0.00006, -0.00027, 0.00000  
0.77, 4, 1, 1.8824, -0.1920, -0.00134, 0.00006, -0.00027, 0.00000  
0.78, 4, 1, 1.8965, -0.1908, -0.00135, 0.00006, -0.00027, 0.00000  
0.79, 4, 1, 1.9106, -0.1896, -0.00137, 0.00006, -0.00028, 0.00000  
0.80, 4, 1, 1.9247, -0.1884, -0.00138, 0.00006, -0.00028, 0.00000  
0.81, 4, 1, 1.9388, -0.1872, -0.00139, 0.00006, -0.00028, 0.00000  
0.82, 4, 1, 1.9529, -0.1860, -0.00140, 0.00005, -0.00028, 0.00000  
0.83, 4, 1, 1.9670, -0.1848, -0.00141, 0.00005, -0.00028, 0.00000  
0.84, 4, 1, 1.9811, -0.1836, -0.00143, 0.00005, -0.00029, 0.00000  
0.85, 4, 1, 1.9952, -0.1824, -0.00144, 0.00005, -0.00029, 0.00000  
0.86, 4, 1, 2.0093, -0.1812, -0.00145, 0.00005, -0.00029, 0.00000  
0.87, 4, 1, 2.0234, -0.1800, -0.00146, 0.00005, -0.00029, 0.00000  
0.88, 4, 1, 2.0375, -0.1788, -0.00148, 0.00005, -0.00030, 0.00000  
0.89, 4, 1, 2.0516, -0.1776, -0.00149, 0.00005, -0.00030, 0.00000  
0.90, 4, 1, 2.0657, -0.1764, -0.00150, 0.00005, -0.00030, 0.00000  
0.00, 4, 2, 0.7727, -0.4799, -0.00040, 0.00010, -0.00010, 0.00002  
0.01, 4, 2, 0.7811, -0.4786, -0.00042, 0.00010, -0.00010, 0.00002  
0.02, 4, 2, 0.7896, -0.4773, -0.00043, 0.00010, -0.00010, 0.00002  
0.03, 4, 2, 0.7980, -0.4760, -0.00045, 0.00010, -0.00010, 0.00002  
0.04, 4, 2, 0.8065, -0.4747, -0.00046, 0.00010, -0.00010, 0.00002  
0.05, 4, 2, 0.8149, -0.4734, -0.00048, 0.00009, -0.00010, 0.00002  
0.06, 4, 2, 0.8233, -0.4721, -0.00049, 0.00009, -0.00012, 0.00002  
0.07, 4, 2, 0.8318, -0.4708, -0.00051, 0.00009, -0.00012, 0.00002  
0.08, 4, 2, 0.8402, -0.4695, -0.00052, 0.00009, -0.00012, 0.00002  
0.09, 4, 2, 0.8486, -0.4682, -0.00054, 0.00009, -0.00013, 0.00002  
0.10, 4, 2, 0.8571, -0.4669, -0.00055, 0.00009, -0.00013, 0.00002  
0.11, 4, 2, 0.8655, -0.4656, -0.00057, 0.00009, -0.00013, 0.00002  
0.12, 4, 2, 0.8740, -0.4643, -0.00058, 0.00009, -0.00013, 0.00002  
0.13, 4, 2, 0.8824, -0.4630, -0.00060, 0.00009, -0.00014, 0.00002  
0.14, 4, 2, 0.8908, -0.4617, -0.00061, 0.00008, -0.00014, 0.00002  
0.15, 4, 2, 0.8993, -0.4604, -0.00063, 0.00008, -0.00014, 0.00002  
0.16, 4, 2, 0.9077, -0.4591, -0.00064, 0.00008, -0.00015, 0.00002  
0.17, 4, 2, 0.9162, -0.4578, -0.00066, 0.00008, -0.00015, 0.00002  
0.18, 4, 2, 0.9246, -0.4565, -0.00067, 0.00008, -0.00015, 0.00002  
0.19, 4, 2, 0.9330, -0.4552, -0.00069, 0.00008, -0.00015, 0.00002  
0.20, 4, 2, 0.9415, -0.4539, -0.00070, 0.00008, -0.00016, 0.00002  
0.21, 4, 2, 0.9499, -0.4526, -0.00072, 0.00008, -0.00016, 0.00002  
0.22, 4, 2, 0.9584, -0.4513, -0.00073, 0.00008, -0.00016, 0.00002  
0.23, 4, 2, 0.9668, -0.4500, -0.00075, 0.00007, -0.00017, 0.00001  
0.24, 4, 2, 0.9752, -0.4487, -0.00076, 0.00007, -0.00017, 0.00001  
0.25, 4, 2, 0.9837, -0.4474, -0.00078, 0.00007, -0.00017, 0.00001  
0.26, 4, 2, 0.9921, -0.4461, -0.00079, 0.00007, -0.00018, 0.00001  
0.27, 4, 2, 1.0006, -0.4448, -0.00081, 0.00007, -0.00018, 0.00001  
0.28, 4, 2, 1.0090, -0.4435, -0.00082, 0.00007, -0.00018, 0.00001  
0.29, 4, 2, 1.0174, -0.4422, -0.00084, 0.00007, -0.00018, 0.00001  
0.30, 4, 2, 1.0259, -0.4409, -0.00085, 0.00007, -0.00019, 0.00001  
0.31, 4, 2, 1.0343, -0.4396, -0.00087, 0.00007, -0.00019, 0.00001  
0.32, 4, 2, 1.0428, -0.4383, -0.00088, 0.00006, -0.00019, 0.00001  
0.33, 4, 2, 1.0512, -0.4370, -0.00090, 0.00006, -0.00020, 0.00001  
0.34, 4, 2, 1.0597, -0.4357, -0.00091, 0.00006, -0.00020, 0.00001  
0.35, 4, 2, 1.0681, -0.4344, -0.00093, 0.00006, -0.00020, 0.00001  
0.36, 4, 2, 1.0766, -0.4331, -0.00094, 0.00006, -0.00020, 0.00001  
0.37, 4, 2, 1.0850, -0.4318, -0.00096, 0.00006, -0.00021, 0.00001  
0.38, 4, 2, 1.0934, -0.4305, -0.00097, 0.00006, -0.00021, 0.00001  
0.39, 4, 2, 1.1019, -0.4292, -0.00099, 0.00006, -0.00021, 0.00001  
0.40, 4, 2, 1.1103, -0.4279, -0.00100, 0.00006, -0.00022, 0.00001  
0.41, 4, 2, 1.1188, -0.4266, -0.00102, 0.00005, -0.00022, 0.00001  
0.42, 4, 2, 1.1272, -0.4253, -0.00103, 0.00005, -0.00022, 0.00001  
0.43, 4, 2, 1.1357, -0.4240, -0.00105, 0.00005, -0.00022, 0.00001  
0.44, 4, 2, 1.1441, -0.4227, -0.00106, 0.00005, -0.00023, 0.00001  
0.45, 4, 2, 1.1525, -0.4214, -0.00108, 0.00005, -0.00023, 0.00001  
0.46, 4, 2, 1.1610, -0.4201, -0.00110, 0.00005, -0.00023, 0.00001  
0.47, 4, 2, 1.1694, -0.4188, -0.00111, 0.00005, -0.00024, 0.00001  
0.48, 4, 2, 1.1779, -0.4175, -0.00113, 0.00005, -0.00024, 0.00001  
0.49, 4, 2, 1.1863, -0.4162, -0.00114, 0.00005, -0.00024, 0.00001  
0.50, 4, 2, 1.1948, -0.4149, -0.00116, 0.00004, -0.00024, 0.00001  
0.51, 4, 2, 1.2032, -0.4136, -0.00117, 0.00004, -0.00025, 0.00001  
0.52, 4, 2, 1.2116, -0.4123, -0.00119, 0.00004, -0.00025, 0.00001  
0.53, 4, 2, 1.2201, -0.4109, -0.00120, 0.00004, -0.00025, 0.00001  
0.54, 4, 2, 1.2285, -0.4096, -0.00122, 0.00004, -0.00026, 0.00001  
0.55, 4, 2, 1.2370, -0.4083, -0.00123, 0.00004, -0.00026, 0.00001  
0.56, 4, 2, 1.2454, -0.4070, -0.00125, 0.00004, -0.00026, 0.00001  
0.57, 4, 2, 1.2539, -0.4057, -0.00126, 0.00004, -0.00026, 0.00001  
0.58, 4, 2, 1.2623, -0.4044, -0.00128, 0.00004, -0.00027, 0.00001  
0.59, 4, 2, 1.2708, -0.4031, -0.00129, 0.00003, -0.00027, 0.00001  
0.60, 4, 2, 1.2792, -0.4018, -0.00131, 0.00003, -0.00027, 0.00001  
0.61, 4, 2, 1.2877, -0.4005, -0.00132, 0.00003, -0.00028, 0.00001  
0.62, 4, 2, 1.2961, -0.3992, -0.00134, 0.00003, -0.00028, 0.00001  
0.63, 4, 2, 1.3046, -0.3979, -0.00135, 0.00003, -0.00028, 0.00001  
0.64, 4, 2, 1.3130, -0.3966, -0.00137, 0.00003, -0.00028, 0.00001  
0.65, 4, 2, 1.3215, -0.3953, -0.00138, 0.00003, -0.00029, 0.00001  
0.66, 4, 2, 1.3299, -0.3940, -0.00140, 0.00003, -0.00029, 0.00001  
0.67, 4, 2, 1.3384, -0.3927, -0.00141, 0.00003, -0.00029, 0.00001  
0.68, 4, 2, 1.3468, -0.3914, -0.00143, 0.00002, -0.00030, 0.00000  
0.69, 4, 2, 1.3553, -0.3901, -0.00144, 0.00002, -0.00030, 0.00000  
0.70, 4, 2, 1.3637, -0.3888, -0.00146, 0.00002, -0.00030, 0.00000  
0.71, 4, 2, 1.3722, -0.3875, -0.00147, 0.00002, -0.00031, 0.00000  
0.72, 4, 2, 1.3806, -0.3862, -0.00149, 0.00002, -0.00031, 0.00000  
0.73, 4, 2, 1.3891, -0.3849, -0.00150, 0.00002, -0.00031, 0.00000  
0.74, 4, 2, 1.3975, -0.3836, -0.00152, 0.00002, -0.00031, 0.00000  
0.75, 4, 2, 1.4060, -0.3823, -0.00153, 0.00002, -0.00032, 0.00000  
0.76, 4, 2, 1.4144, -0.3810, -0.00155, 0.00002, -0.00032, 0.00000  
0.77, 4, 2, 1.4229, -0.3797, -0.00156, 0.00001, -0.00032, 0.00000  
0.78, 4, 2, 1.4313, -0.3784, -0.00158, 0.00001, -0.00033, 0.00000  
0.79, 4, 2, 1.4398, -0.3771, -0.00159, 0.00001, -0.00033, 0.00000  
0.80, 4, 2, 1.4482, -0.3758, -0.00161, 0.00001, -0.00033, 0.00000  
0.81, 4, 2, 1.4567, -0.3745, -0.00162, 0.00001, -0.00033, 0.00000  
0.82, 4, 2, 1.4651, -0.3732, -0.00164, 0.00001, -0.00034, 0.00000  
0.83, 4, 2, 1.4736, -0.3719, -0.00165, 0.00001, -0.00034, 0.00000  
0.84, 4, 2, 1.4820, -0.3706, -0.00167, 0.00001, -0.00034, 0.00000  
0.85, 4, 2, 1.4905, -0.3693, -0.00168, 0.00001, -0.00035, 0.00000  
0.86, 4, 2, 1.4989, -0.3680, -0.00170, 0.00000, -0.00035, 0.00000  
0.87, 4, 2, 1.5074, -0.3667, -0.00171, 0.00000, -0.00035, 0.00000  
0.88, 4, 2, 1.5158, -0.3654, -0.00173, 0.00000, -0.00035, 0.00000  
0.89, 4, 2, 1.5243, -0.3641, -0.00174, 0.00000, -0.00036, 0.00000  
0.90, 4, 2, 1.5327, -0.3628, -0.00176, 0.00000, -0.00036, 0.00000  
0.00, 5, 0, 1.0120, -0.0949, -0.00040, 0.00010, -0.00010, 0.00002  
0.01, 5, 0, 1.0263, -0.0943, -0.00041, 0.00010, -0.00010, 0.00002  
0.02, 5, 0, 1.0406, -0.0937, -0.00042, 0.00010, -0.00010, 0.00002  
0.03, 5, 0, 1.0549, -0.0931, -0.00043, 0.00010, -0.00011, 0.00002  
0.04, 5, 0, 1.0692, -0.0925, -0.00044, 0.00010, -0.00011, 0.00002  
0.05, 5, 0, 1.0836, -0.0919, -0.00044, 0.00011, -0.00011, 0.00002  
0.06, 5, 0, 1.0979, -0.0912, -0.00045, 0.00011, -0.00011, 0.00002  
0.07, 5, 0, 1.1122, -0.0906, -0.00046, 0.00011, -0.00011, 0.00002  
0.08, 5, 0, 1.1265, -0.0900, -0.00047, 0.00011, -0.00011, 0.00002  
0.09, 5, 0, 1.1408, -0.0894, -0.00048, 0.00011, -0.00012, 0.00002  
0.10, 5, 0, 1.1551, -0.0888, -0.00049, 0.00011, -0.00012, 0.00002  
0.11, 5, 0, 1.1694, -0.0882, -0.00050, 0.00011, -0.00012, 0.00002  
0.12, 5, 0, 1.1837, -0.0876, -0.00051, 0.00011, -0.00012, 0.00002  
0.13, 5, 0, 1.1980, -0.0870, -0.00052, 0.00011, -0.00012, 0.00002  
0.14, 5, 0, 1.2124, -0.0864, -0.00052, 0.00012, -0.00012, 0.00002  
0.15, 5, 0, 1.2267, -0.0857, -0.00053, 0.00012, -0.00013, 0.00002  
0.16, 5, 0, 1.2410, -0.0851, -0.00054, 0.00012, -0.00013, 0.00002  
0.17, 5, 0, 1.2553, -0.0845, -0.00055, 0.00012, -0.00013, 0.00002  
0.18, 5, 0, 1.2696, -0.0839, -0.00056, 0.00012, -0.00013, 0.00002  
0.19, 5, 0, 1.2839, -0.0833, -0.00057, 0.00012, -0.00013, 0.00002  
0.20, 5, 0, 1.2982, -0.0827, -0.00058, 0.00012, -0.00013, 0.00002  
0.21, 5, 0, 1.3125, -0.0821, -0.00059, 0.00012, -0.00014, 0.00002  
0.22, 5, 0, 1.3268, -0.0815, -0.00060, 0.00012, -0.00014, 0.00002  
0.23, 5, 0, 1.3412, -0.0809, -0.00060, 0.00013, -0.00014, 0.00002  
0.24, 5, 0, 1.3555, -0.0803, -0.00061, 0.00013, -0.00014, 0.00001  
0.25, 5, 0, 1.3698, -0.0796, -0.00062, 0.00013, -0.00014, 0.00001  
0.26, 5, 0, 1.3841, -0.0790, -0.00063, 0.00013, -0.00014, 0.00001  
0.27, 5, 0, 1.3984, -0.0784, -0.00064, 0.00013, -0.00015, 0.00001  
0.28, 5, 0, 1.4127, -0.0778, -0.00065, 0.00013, -0.00015, 0.00001  
0.29, 5, 0, 1.4270, -0.0772, -0.00066, 0.00013, -0.00015, 0.00001  
0.30, 5, 0, 1.4413, -0.0766, -0.00067, 0.00013, -0.00015, 0.00001  
0.31, 5, 0, 1.4556, -0.0760, -0.00068, 0.00013, -0.00015, 0.00001  
0.32, 5, 0, 1.4700, -0.0754, -0.00068, 0.00014, -0.00015, 0.00001  
0.33, 5, 0, 1.4843, -0.0748, -0.00069, 0.00014, -0.00016, 0.00001  
0.34, 5, 0, 1.4986, -0.0742, -0.00070, 0.00014, -0.00016, 0.00001  
0.35, 5, 0, 1.5129, -0.0736, -0.00071, 0.00014, -0.00016, 0.00001  
0.36, 5, 0, 1.5272, -0.0729, -0.00072, 0.00014, -0.00016, 0.00001  
0.37, 5, 0, 1.5415, -0.0723, -0.00073, 0.00014, -0.00016, 0.00001  
0.38, 5, 0, 1.5558, -0.0717, -0.00074, 0.00014, -0.00016, 0.00001  
0.39, 5, 0, 1.5701, -0.0711, -0.00075, 0.00014, -0.00016, 0.00001  
0.40, 5, 0, 1.5844, -0.0705, -0.00076, 0.00014, -0.00017, 0.00001  
0.41, 5, 0, 1.5988, -0.0699, -0.00076, 0.00015, -0.00017, 0.00001  
0.42, 5, 0, 1.6131, -0.0693, -0.00077, 0.00015, -0.00017, 0.00001  
0.43, 5, 0, 1.6274, -0.0687, -0.00078, 0.00015, -0.00017, 0.00001  
0.44, 5, 0, 1.6417, -0.0681, -0.00079, 0.00015, -0.00017, 0.00001  
0.45, 5, 0, 1.6560, -0.0674, -0.00080, 0.00015, -0.00018, 0.00001  
0.46, 5, 0, 1.6703, -0.0668, -0.00081, 0.00015, -0.00018, 0.00001  
0.47, 5, 0, 1.6846, -0.0662, -0.00082, 0.00015, -0.00018, 0.00001  
0.48, 5, 0, 1.6989, -0.0656, -0.00083, 0.00015, -0.00018, 0.00001  
0.49, 5, 0, 1.7132, -0.0650, -0.00084, 0.00015, -0.00018, 0.00001  
0.50, 5, 0, 1.7276, -0.0644, -0.00084, 0.00016, -0.00018, 0.00001  
0.51, 5, 0, 1.7419, -0.0638, -0.00085, 0.00016, -0.00018, 0.00001  
0.52, 5, 0, 1.7562, -0.0632, -0.00086, 0.00016, -0.00019, 0.00001  
0.53, 5, 0, 1.7705, -0.0626, -0.00087, 0.00016, -0.00019, 0.00001  
0.54, 5, 0, 1.7848, -0.0620, -0.00088, 0.00016, -0.00019, 0.00001  
0.55, 5, 0, 1.7991, -0.0613, -0.00089, 0.00016, -0.00019, 0.00001  
0.56, 5, 0, 1.8134, -0.0607, -0.00090, 0.00016, -0.00019, 0.00001  
0.57, 5, 0, 1.8277, -0.0601, -0.00091, 0.00016, -0.00020, 0.00001  
0.58, 5, 0, 1.8420, -0.0595, -0.00092, 0.00016, -0.00020, 0.00001  
0.59, 5, 0, 1.8564, -0.0589, -0.00092, 0.00017, -0.00020, 0.00001  
0.60, 5, 0, 1.8707, -0.0583, -0.00093, 0.00017, -0.00020, 0.00001  
0.61, 5, 0, 1.8850, -0.0577, -0.00094, 0.00017, -0.00020, 0.00001  
0.62, 5, 0, 1.8993, -0.0571, -0.00095, 0.00017, -0.00020, 0.00001  
0.63, 5, 0, 1.9136, -0.0565, -0.00096, 0.00017, -0.00020, 0.00001  
0.64, 5, 0, 1.9279, -0.0559, -0.00097, 0.00017, -0.00021, 0.00001  
0.65, 5, 0, 1.9422, -0.0553, -0.00098, 0.00017, -0.00021, 0.00001  
0.66, 5, 0, 1.9565, -0.0546, -0.00099, 0.00017, -0.00021, 0.00001  
0.67, 5, 0, 1.9708, -0.0540, -0.00100, 0.00017, -0.00021, 0.00001  
0.68, 5, 0, 1.9852, -0.0534, -0.00100, 0.00018, -0.00021, 0.00000  
0.69, 5, 0, 1.9995, -0.0528, -0.00101, 0.00018, -0.00022, 0.00000  
0.70, 5, 0, 2.0138, -0.0522, -0.00102, 0.00018, -0.00022, 0.00000  
0.71, 5, 0, 2.0281, -0.0516, -0.00103, 0.00018, -0.00022, 0.00000  
0.72, 5, 0, 2.0424, -0.0510, -0.00104, 0.00018, -0.00022, 0.00000  
0.73, 5, 0, 2.0567, -0.0504, -0.00105, 0.00018, -0.00022, 0.00000  
0.74, 5, 0, 2.0710, -0.0498, -0.00106, 0.00018, -0.00022, 0.00000  
0.75, 5, 0, 2.0853, -0.0492, -0.00107, 0.00018, -0.00022, 0.00000  
0.76, 5, 0, 2.0996, -0.0485, -0.00108, 0.00018, -0.00023, 0.00000  
0.77, 5, 0, 2.1140, -0.0479, -0.00108, 0.00019, -0.00023, 0.00000  
0.78, 5, 0, 2.1283, -0.0473, -0.00109, 0.00019, -0.00023, 0.00000  
0.79, 5, 0, 2.1426, -0.0467, -0.00110, 0.00019, -0.00023, 0.00000  
0.80, 5, 0, 2.1569, -0.0461, -0.00111, 0.00019, -0.00023, 0.00000  
0.81, 5, 0, 2.1712, -0.0455, -0.00112, 0.00019, -0.00024, 0.00000  
0.82, 5, 0, 2.1855, -0.0449, -0.00113, 0.00019, -0.00024, 0.00000  
0.83, 5, 0, 2.1998, -0.0443, -0.00114, 0.00019, -0.00024, 0.00000  
0.84, 5, 0, 2.2141, -0.0437, -0.00115, 0.00019, -0.00024, 0.00000  
0.85, 5, 0, 2.2284, -0.0431, -0.00116, 0.00019, -0.00024, 0.00000  
0.86, 5, 0, 2.2428, -0.0424, -0.00116, 0.00020, -0.00024, 0.00000  
0.87, 5, 0, 2.2571, -0.0418, -0.00117, 0.00020, -0.00025, 0.00000  
0.88, 5, 0, 2.2714, -0.0412, -0.00118, 0.00020, -0.00025, 0.00000  
0.89, 5, 0, 2.2857, -0.0406, -0.00119, 0.00020, -0.00025, 0.00000  
0.90, 5, 0, 2.3000, -0.0400, -0.00120, 0.00020, -0.00025, 0.00000  
0.00, 5, 1, 0.9990, -0.2850, -0.00040, 0.00010, -0.00010, 0.00002  
0.01, 5, 1, 1.0036, -0.2841, -0.00041, 0.00010, -0.00010, 0.00002  
0.02, 5, 1, 1.0081, -0.2831, -0.00042, 0.00010, -0.00010, 0.00002  
0.03, 5, 1, 1.0127, -0.2822, -0.00044, 0.00010, -0.00011, 0.00002  
0.04, 5, 1, 1.0173, -0.2812, -0.00045, 0.00010, -0.00011, 0.00002  
0.05, 5, 1, 1.0218, -0.2803, -0.00046, 0.00010, -0.00011, 0.00002  
0.06, 5, 1, 1.0264, -0.2793, -0.00047, 0.00010, -0.00011, 0.00002  
0.07, 5, 1, 1.0310, -0.2784, -0.00049, 0.00010, -0.00012, 0.00002  
0.08, 5, 1, 1.0355, -0.2774, -0.00050, 0.00010, -0.00012, 0.00002  
0.09, 5, 1, 1.0401, -0.2765, -0.00051, 0.00010, -0.00012, 0.00002  
0.10, 5, 1, 1.0447, -0.2756, -0.00052, 0.00009, -0.00012, 0.00002  
0.11, 5, 1, 1.0492, -0.2746, -0.00053, 0.00009, -0.00012, 0.00002  
0.12, 5, 1, 1.0538, -0.2737, -0.00055, 0.00009, -0.00013, 0.00002  
0.13, 5, 1, 1.0584, -0.2727, -0.00056, 0.00009, -0.00013, 0.00002  
0.14, 5, 1, 1.0629, -0.2718, -0.00057, 0.00009, -0.00013, 0.00002  
0.15, 5, 1, 1.0675, -0.2708, -0.00058, 0.00009, -0.00013, 0.00002  
0.16, 5, 1, 1.0721, -0.2699, -0.00060, 0.00009, -0.00014, 0.00002  
0.17, 5, 1, 1.0766, -0.2689, -0.00061, 0.00009, -0.00014, 0.00002  
0.18, 5, 1, 1.0812, -0.2680, -0.00062, 0.00009, -0.00014, 0.00002  
0.19, 5, 1, 1.0858, -0.2671, -0.00063, 0.00009, -0.00014, 0.00002  
0.20, 5, 1, 1.0903, -0.2661, -0.00064, 0.00009, -0.00014, 0.00002  
0.21, 5, 1, 1.0949, -0.2652, -0.00066, 0.00009, -0.00015, 0.00002  
0.22, 5, 1, 1.0995, -0.2642, -0.00067, 0.00009, -0.00015, 0.00002  
0.23, 5, 1, 1.1040, -0.2633, -0.00068, 0.00009, -0.00015, 0.00001  
0.24, 5, 1, 1.1086, -0.2623, -0.00069, 0.00009, -0.00015, 0.00001  
0.25, 5, 1, 1.1132, -0.2614, -0.00071, 0.00009, -0.00016, 0.00001  
0.26, 5, 1, 1.1177, -0.2604, -0.00072, 0.00009, -0.00016, 0.00001  
0.27, 5, 1, 1.1223, -0.2595, -0.00073, 0.00009, -0.00016, 0.00001  
0.28, 5, 1, 1.1269, -0.2586, -0.00074, 0.00008, -0.00016, 0.00001  
0.29, 5, 1, 1.1314, -0.2576, -0.00075, 0.00008, -0.00016, 0.00001  
0.30, 5, 1, 1.1360, -0.2567, -0.00077, 0.00008, -0.00017, 0.00001  
0.31, 5, 1, 1.1406, -0.2557, -0.00078, 0.00008, -0.00017, 0.00001  
0.32, 5, 1, 1.1451, -0.2548, -0.00079, 0.00008, -0.00017, 0.00001  
0.33, 5, 1, 1.1497, -0.2538, -0.00080, 0.00008, -0.00017, 0.00001  
0.34, 5, 1, 1.1543, -0.2529, -0.00082, 0.00008, -0.00018, 0.00001  
0.35, 5, 1, 1.1588, -0.2519, -0.00083, 0.00008, -0.00018, 0.00001  
0.36, 5, 1, 1.1634, -0.2510, -0.00084, 0.00008, -0.00018, 0.00001  
0.37, 5, 1, 1.1680, -0.2501, -0.00085, 0.00008, -0.00018, 0.00001  
0.38, 5, 1, 1.1725, -0.2491, -0.00086, 0.00008, -0.00018, 0.00001  
0.39, 5, 1, 1.1771, -0.2482, -0.00088, 0.00008, -0.00019, 0.00001  
0.40, 5, 1, 1.1817, -0.2472, -0.00089, 0.00008, -0.00019, 0.00001  
0.41, 5, 1, 1.1862, -0.2463, -0.00090, 0.00008, -0.00019, 0.00001  
0.42, 5, 1, 1.1908, -0.2453, -0.00091, 0.00008, -0.00019, 0.00001  
0.43, 5, 1, 1.1954, -0.2444, -0.00093, 0.00008, -0.00020, 0.00001  
0.44, 5, 1, 1.1999, -0.2434, -0.00094, 0.00008, -0.00020, 0.00001  
0.45, 5, 1, 1.2045, -0.2425, -0.00095, 0.00008, -0.00020, 0.00001  
0.46, 5, 1, 1.2091, -0.2416, -0.00096, 0.00007, -0.00020, 0.00001  
0.47, 5, 1, 1.2136, -0.2406, -0.00097, 0.00007, -0.00020, 0.00001  
0.48, 5, 1, 1.2182, -0.2397, -0.00099, 0.00007, -0.00021, 0.00001  
0.49, 5, 1, 1.2228, -0.2387, -0.00100, 0.00007, -0.00021, 0.00001  
0.50, 5, 1, 1.2273, -0.2378, -0.00101, 0.00007, -0.00021, 0.00001  
0.51, 5, 1, 1.2319, -0.2368, -0.00102, 0.00007, -0.00021, 0.00001  
0.52, 5, 1, 1.2365, -0.2359, -0.00104, 0.00007, -0.00022, 0.00001  
0.53, 5, 1, 1.2410, -0.2349, -0.00105, 0.00007, -0.00022, 0.00001  
0.54, 5, 1, 1.2456, -0.2340, -0.00106, 0.00007, -0.00022, 0.00001  
0.55, 5, 1, 1.2502, -0.2331, -0.00107, 0.00007, -0.00022, 0.00001  
0.56, 5, 1, 1.2547, -0.2321, -0.00108, 0.00007, -0.00022, 0.00001  
0.57, 5, 1, 1.2593, -0.2312, -0.00110, 0.00007, -0.00023, 0.00001  
0.58, 5, 1, 1.2639, -0.2302, -0.00111, 0.00007, -0.00023, 0.00001  
0.59, 5, 1, 1.2684, -0.2293, -0.00112, 0.00007, -0.00023, 0.00001  
0.60, 5, 1, 1.2730, -0.2283, -0.00113, 0.00007, -0.00023, 0.00001  
0.61, 5, 1, 1.2776, -0.2274, -0.00115, 0.00007, -0.00024, 0.00001  
0.62, 5, 1, 1.2821, -0.2264, -0.00116, 0.00007, -0.00024, 0.00001  
0.63, 5, 1, 1.2867, -0.2255, -0.00117, 0.00007, -0.00024, 0.00001  
0.64, 5, 1, 1.2913, -0.2246, -0.00118, 0.00006, -0.00024, 0.00001  
0.65, 5, 1, 1.2958, -0.2236, -0.00119, 0.00006, -0.00024, 0.00001  
0.66, 5, 1, 1.3004, -0.2227, -0.00121, 0.00006, -0.00025, 0.00001  
0.67, 5, 1, 1.3050, -0.2217, -0.00122, 0.00006, -0.00025, 0.00001  
0.68, 5, 1, 1.3095, -0.2208, -0.00123, 0.00006, -0.00025, 0.00000  
0.69, 5, 1, 1.3141, -0.2198, -0.00124, 0.00006, -0.00025, 0.00000  
0.70, 5, 1, 1.3187, -0.2189, -0.00126, 0.00006, -0.00026, 0.00000  
0.71, 5, 1, 1.3232, -0.2179, -0.00127, 0.00006, -0.00026, 0.00000  
0.72, 5, 1, 1.3278, -0.2170, -0.00128, 0.00006, -0.00026, 0.00000  
0.73, 5, 1, 1.3324, -0.2161, -0.00129, 0.00006, -0.00026, 0.00000  
0.74, 5, 1, 1.3369, -0.2151, -0.00130, 0.00006, -0.00026, 0.00000  
0.75, 5, 1, 1.3415, -0.2142, -0.00132, 0.00006, -0.00027, 0.00000  
0.76, 5, 1, 1.3461, -0.2132, -0.00133, 0.00006, -0.00027, 0.00000  
0.77, 5, 1, 1.3506, -0.2123, -0.00134, 0.00006, -0.00027, 0.00000  
0.78, 5, 1, 1.3552, -0.2113, -0.00135, 0.00006, -0.00027, 0.00000  
0.79, 5, 1, 1.3598, -0.2104, -0.00137, 0.00006, -0.00028, 0.00000  
0.80, 5, 1, 1.3643, -0.2094, -0.00138, 0.00006, -0.00028, 0.00000  
0.81, 5, 1, 1.3689, -0.2085, -0.00139, 0.00006, -0.00028, 0.00000  
0.82, 5, 1, 1.3735, -0.2076, -0.00140, 0.00005, -0.00028, 0.00000  
0.83, 5, 1, 1.3780, -0.2066, -0.00141, 0.00005, -0.00028, 0.00000  
0.84, 5, 1, 1.3826, -0.2057, -0.00143, 0.00005, -0.00029, 0.00000  
0.85, 5, 1, 1.3872, -0.2047, -0.00144, 0.00005, -0.00029, 0.00000  
0.86, 5, 1, 1.3917, -0.2038, -0.00145, 0.00005, -0.00029, 0.00000  
0.87, 5, 1, 1.3963, -0.2028, -0.00146, 0.00005, -0.00029, 0.00000  
0.88, 5, 1, 1.4009, -0.2019, -0.00148, 0.00005, -0.00030, 0.00000  
0.89, 5, 1, 1.4054, -0.2009, -0.00149, 0.00005, -0.00030, 0.00000  
0.90, 5, 1, 1.4100, -0.2000, -0.00150, 0.00005, -0.00030, 0.00000  
0.00, 5, 2, 0.9630, -0.4800, -0.00040, 0.00010, -0.00010, 0.00002  
0.01, 5, 2, 0.9676, -0.4787, -0.00042, 0.00010, -0.00010, 0.00002  
0.02, 5, 2, 0.9721, -0.4773, -0.00043, 0.00010, -0.00011, 0.00002  
0.03, 5, 2, 0.9767, -0.4760, -0.00045, 0.00010, -0.00011, 0.00002  
0.04, 5, 2, 0.9812, -0.4747, -0.00046, 0.00010, -0.00011, 0.00002  
0.05, 5, 2, 0.9858, -0.4734, -0.00048, 0.00009, -0.00011, 0.00002  
0.06, 5, 2, 0.9903, -0.4720, -0.00049, 0.00009, -0.00012, 0.00002  
0.07, 5, 2, 0.9949, -0.4707, -0.00051, 0.00009, -0.00012, 0.00002  
0.08, 5, 2, 0.9995, -0.4694, -0.00052, 0.00009, -0.00012, 0.00002  
0.09, 5, 2, 1.0040, -0.4681, -0.00054, 0.00009, -0.00013, 0.00002  
0.10, 5, 2, 1.0086, -0.4667, -0.00055, 0.00009, -0.00013, 0.00002  
0.11, 5, 2, 1.0131, -0.4654, -0.00057, 0.00009, -0.00013, 0.00002  
0.12, 5, 2, 1.0177, -0.4641, -0.00058, 0.00009, -0.00013, 0.00002  
0.13, 5, 2, 1.0223, -0.4628, -0.00060, 0.00009, -0.00014, 0.00002  
0.14, 5, 2, 1.0268, -0.4614, -0.00061, 0.00008, -0.00014, 0.00002  
0.15, 5, 2, 1.0314, -0.4601, -0.00063, 0.00008, -0.00014, 0.00002  
0.16, 5, 2, 1.0359, -0.4588, -0.00064, 0.00008, -0.00015, 0.00002  
0.17, 5, 2, 1.0405, -0.4575, -0.00066, 0.00008, -0.00015, 0.00002  
0.18, 5, 2, 1.0450, -0.4561, -0.00067, 0.00008, -0.00015, 0.00002  
0.19, 5, 2, 1.0496, -0.4548, -0.00069, 0.00008, -0.00015, 0.00002  
0.20, 5, 2, 1.0542, -0.4535, -0.00070, 0.00008, -0.00016, 0.00002  
0.21, 5, 2, 1.0587, -0.4522, -0.00072, 0.00008, -0.00016, 0.00002  
0.22, 5, 2, 1.0633, -0.4508, -0.00073, 0.00008, -0.00016, 0.00002  
0.23, 5, 2, 1.0678, -0.4495, -0.00075, 0.00007, -0.00017, 0.00001  
0.24, 5, 2, 1.0724, -0.4482, -0.00076, 0.00007, -0.00017, 0.00001  
0.25, 5, 2, 1.0769, -0.4469, -0.00078, 0.00007, -0.00017, 0.00001  
0.26, 5, 2, 1.0815, -0.4455, -0.00079, 0.00007, -0.00018, 0.00001  
0.27, 5, 2, 1.0861, -0.4442, -0.00081, 0.00007, -0.00018, 0.00001  
0.28, 5, 2, 1.0906, -0.4429, -0.00082, 0.00007, -0.00018, 0.00001  
0.29, 5, 2, 1.0952, -0.4416, -0.00084, 0.00007, -0.00018, 0.00001  
0.30, 5, 2, 1.0997, -0.4402, -0.00085, 0.00007, -0.00019, 0.00001  
0.31, 5, 2, 1.1043, -0.4389, -0.00087, 0.00007, -0.00019, 0.00001  
0.32, 5, 2, 1.1088, -0.4376, -0.00088, 0.00006, -0.00019, 0.00001  
0.33, 5, 2, 1.1134, -0.4363, -0.00090, 0.00006, -0.00020, 0.00001  
0.34, 5, 2, 1.1180, -0.4349, -0.00091, 0.00006, -0.00020, 0.00001  
0.35, 5, 2, 1.1225, -0.4336, -0.00093, 0.00006, -0.00020, 0.00001  
0.36, 5, 2, 1.1271, -0.4323, -0.00094, 0.00006, -0.00020, 0.00001  
0.37, 5, 2, 1.1316, -0.4310, -0.00096, 0.00006, -0.00021, 0.00001  
0.38, 5, 2, 1.1362, -0.4296, -0.00097, 0.00006, -0.00021, 0.00001  
0.39, 5, 2, 1.1408, -0.4283, -0.00099, 0.00006, -0.00021, 0.00001  
0.40, 5, 2, 1.1453, -0.4270, -0.00100, 0.00006, -0.00022, 0.00001  
0.41, 5, 2, 1.1499, -0.4257, -0.00102, 0.00005, -0.00022, 0.00001  
0.42, 5, 2, 1.1544, -0.4243, -0.00103, 0.00005, -0.00022, 0.00001  
0.43, 5, 2, 1.1590, -0.4230, -0.00105, 0.00005, -0.00022, 0.00001  
0.44, 5, 2, 1.1635, -0.4217, -0.00106, 0.00005, -0.00023, 0.00001  
0.45, 5, 2, 1.1681, -0.4204, -0.00108, 0.00005, -0.00023, 0.00001  
0.46, 5, 2, 1.1727, -0.4190, -0.00110, 0.00005, -0.00023, 0.00001  
0.47, 5, 2, 1.1772, -0.4177, -0.00111, 0.00005, -0.00024, 0.00001  
0.48, 5, 2, 1.1818, -0.4164, -0.00113, 0.00005, -0.00024, 0.00001  
0.49, 5, 2, 1.1863, -0.4150, -0.00114, 0.00005, -0.00024, 0.00001  
0.50, 5, 2, 1.1909, -0.4137, -0.00116, 0.00004, -0.00024, 0.00001  
0.51, 5, 2, 1.1954, -0.4124, -0.00117, 0.00004, -0.00025, 0.00001  
0.52, 5, 2, 1.2000, -0.4111, -0.00119, 0.00004, -0.00025, 0.00001  
0.53, 5, 2, 1.2046, -0.4097, -0.00120, 0.00004, -0.00025, 0.00001  
0.54, 5, 2, 1.2091, -0.4084, -0.00122, 0.00004, -0.00026, 0.00001  
0.55, 5, 2, 1.2137, -0.4071, -0.00123, 0.00004, -0.00026, 0.00001  
0.56, 5, 2, 1.2182, -0.4058, -0.00125, 0.00004, -0.00026, 0.00001  
0.57, 5, 2, 1.2228, -0.4044, -0.00126, 0.00004, -0.00026, 0.00001  
0.58, 5, 2, 1.2274, -0.4031, -0.00128, 0.00004, -0.00027, 0.00001  
0.59, 5, 2, 1.2319, -0.4018, -0.00129, 0.00003, -0.00027, 0.00001  
0.60, 5, 2, 1.2365, -0.4005, -0.00131, 0.00003, -0.00027, 0.00001  
0.61, 5, 2, 1.2410, -0.3991, -0.00132, 0.00003, -0.00028, 0.00001  
0.62, 5, 2, 1.2456, -0.3978, -0.00134, 0.00003, -0.00028, 0.00001  
0.63, 5, 2, 1.2501, -0.3965, -0.00135, 0.00003, -0.00028, 0.00001  
0.64, 5, 2, 1.2547, -0.3952, -0.00137, 0.00003, -0.00028, 0.00001  
0.65, 5, 2, 1.2593, -0.3938, -0.00138, 0.00003, -0.00029, 0.00001  
0.66, 5, 2, 1.2638, -0.3925, -0.00140, 0.00003, -0.00029, 0.00001  
0.67, 5, 2, 1.2684, -0.3912, -0.00141, 0.00003, -0.00029, 0.00001  
0.68, 5, 2, 1.2729, -0.3899, -0.00143, 0.00002, -0.00030, 0.00000  
0.69, 5, 2, 1.2775, -0.3885, -0.00144, 0.00002, -0.00030, 0.00000  
0.70, 5, 2, 1.2820, -0.3872, -0.00146, 0.00002, -0.00030, 0.00000  
0.71, 5, 2, 1.2866, -0.3859, -0.00147, 0.00002, -0.00031, 0.00000  
0.72, 5, 2, 1.2912, -0.3846, -0.00149, 0.00002, -0.00031, 0.00000  
0.73, 5, 2, 1.2957, -0.3832, -0.00150, 0.00002, -0.00031, 0.00000  
0.74, 5, 2, 1.3003, -0.3819, -0.00152, 0.00002, -0.00031, 0.00000  
0.75, 5, 2, 1.3048, -0.3806, -0.00153, 0.00002, -0.00032, 0.00000  
0.76, 5, 2, 1.3094, -0.3793, -0.00155, 0.00002, -0.00032, 0.00000  
0.77, 5, 2, 1.3139, -0.3779, -0.00156, 0.00001, -0.00032, 0.00000  
0.78, 5, 2, 1.3185, -0.3766, -0.00158, 0.00001, -0.00033, 0.00000  
0.79, 5, 2, 1.3231, -0.3753, -0.00159, 0.00001, -0.00033, 0.00000  
0.80, 5, 2, 1.3276, -0.3740, -0.00161, 0.00001, -0.00033, 0.00000  
0.81, 5, 2, 1.3322, -0.3726, -0.00162, 0.00001, -0.00033, 0.00000  
0.82, 5, 2, 1.3367, -0.3713, -0.00164, 0.00001, -0.00034, 0.00000  
0.83, 5, 2, 1.3413, -0.3700, -0.00165, 0.00001, -0.00034, 0.00000  
0.84, 5, 2, 1.3459, -0.3687, -0.00167, 0.00001, -0.00034, 0.00000  
0.85, 5, 2, 1.3504, -0.3673, -0.00168, 0.00001, -0.00035, 0.00000  
0.86, 5, 2, 1.3550, -0.3660, -0.00170, 0.00000, -0.00035, 0.00000  
0.87, 5, 2, 1.3595, -0.3647, -0.00171, 0.00000, -0.00035, 0.00000  
0.88, 5, 2, 1.3641, -0.3634, -0.00173, 0.00000, -0.00035, 0.00000  
0.89, 5, 2, 1.3686, -0.3620, -0.00174, 0.00000, -0.00036, 0.00000  
0.90, 5, 2, 1.3732, -0.3607, -0.00176, 0.00000, -0.00036, 0.00000  
